1,8.6699e-17,1,1.4078e-16,1,1.3661e-16,1,2.6421e-16,1,0,1,1.3558e-16,1,-3.15e-17,1,0,1,-1.374e-16,1,3.1895e-16,1,0,1,0,1,0,1,1.2576e-16,1,8.0567e-17,1,1.4761e-16,1,2.9698e-16,1,-7.2763e-17,1,-6.4478e-17,1,0,1,1.4456e-16,1,0,1,0,1,1.4513e-16,1,0,1,3.208e-16,1,0,1,7.5698e-17,1,1.4712e-16,1,2.4774e-16,1,-2.8405e-16,1,-1.4615e-16,1,-1.4093e-16,1,8.013e-17,1,3.8977e-16,1,-8.0591e-17,1,-1.0431e-16,1,-8.7206e-17,1,0,1,0,1,-8.8347e-17,1,-1.4264e-16,1,1.5084e-16,1,8.1822e-17,1,-1.4598e-16,1,1.3101e-16,1,-7.9101e-17,1,0,1,3.7918e-17,1,0,1,6.7803e-17,1,0,1,1.4343e-16,1,-1.5802e-16,1,8.0441e-17,1,0,1,7.6511e-17,1,2.3596e-16,1,-5.3244e-17,1,-4.4524e-17,1,-1.5233e-16,1,-1.4898e-16,1,7.8365e-17,1,5.4732e-17,1,0,1,8.4072e-17,1,7.0297e-17,1,-9.8008e-17,1,-8.1286e-17,1,0,1,7.2361e-17,1,-7.7181e-17,1,7.3998e-17,1,1.1474e-17,1,-2.1068e-16,1,-6.5809e-17,1,7.304e-17,1,1.479e-16,1,7.8966e-17,1,0,1,0,1,-2.0916e-16,1,6.9439e-17,1,2.2162e-16,1,0,1,7.2481e-17,1,1.2459e-16,1,7.2861e-17,1,-6.9517e-17,1,0,1,0,1,-7.3001e-17,1,7.9613e-17,1,0,1,5.581e-17,1,2.8896e-16,1,1.6038e-16,1,2.1242e-16,1,-2.0859e-16,1,3.6404e-16,1,0,1,2.9842e-16,1,1.3553e-16,1,2.1944e-16,1,0,1,2.8021e-16,1,2.2675e-16,1,2.6681e-16,1,-1.4589e-16,1,2.1641e-16,1,7.5858e-17,1,-7.8388e-17,1,-6.6859e-17,1,-1.624e-16,1,-7.2097e-17,1,0,1,0,1,7.3778e-17,1,0,1,-8.7978e-17,1,1.9816e-16,1,7.8913e-17,1,1.511e-16,1,0,1,1.3115e-16,1,2.166e-16,1,0,1,1.948e-16,1,8.9842e-17,1,0,1,1.3928e-16,1,-7.6386e-17,1,-7.2475e-17,1,-7.3729e-17,1,0,1,2.6952e-16,1,0,1,-2.0909e-16,1,9.1919e-17,1,9.745e-17,1,1.0159e-16,1,7.5433e-17,1,0,1,-3.742e-17,1,0,1,1.4735e-16
4.335e-17,0.7251,0,0.54398,-3.4153e-17,0.46975,-4.718e-17,0.30983,-1.8479e-17,0.31198,0,0.16314,-3.7406e-17,0.36098,-3.6103e-17,0.45305,0,0.25925,0,0.1336,-2.3872e-17,0.67265,-8.07e-17,0.81851,0,0.60463,0,0.69874,-4.0283e-17,0.74548,-7.3804e-17,0.6483,0,0.42191,-7.2763e-17,0.42109,3.2239e-17,0.3673,0,0.35175,-1.807e-17,0.3525,3.4315e-17,0.47305,2.0149e-17,0.38308,-1.8142e-17,0.32837,-3.7507e-17,0.47018,-3.208e-17,0.42143,1.7543e-17,0.32933,5.6774e-17,0.34554,3.678e-17,0.4734,2.0645e-17,0.334,0,0.41438,1.8269e-17,0.35426,0,0.56015,-8.013e-17,0.65543,6.4961e-17,0.67676,8.0591e-17,0.77786,1.0431e-16,0.41062,8.7206e-17,0.83782,2.8499e-17,0.62902,0,0.80677,0,0.75146,-3.566e-17,0.50768,0,0.49129,0,0.74786,3.6494e-17,0.61719,0,0.61444,7.9101e-17,0.52964,-9.47e-17,0.94438,0,0.70871,4.1069e-17,0.80253,0,0.4604,3.6038e-17,0.51411,-1.7929e-17,0.25199,-1.9753e-17,0.35578,0,0.30731,3.6199e-17,0.4885,-3.8256e-17,0.43967,0,0.45226,0,0.67867,0,0.93684,-3.8082e-17,0.27502,0,0.72859,0,0.64181,6.3153e-18,0.56567,0,0.64146,8.4072e-17,0.79223,-4.6865e-17,0.92479,1.4701e-16,0.90655,0,0.80628,3.5709e-17,0.59442,0,0.56697,1.1577e-16,0.68407,0,0.77357,0,0.89599,1.4046e-16,0.70672,0,0.37032,0,0.48769,7.3949e-17,0.34953,0,0.33892,0,0.41979,-1.8872e-17,0.22445,-3.4859e-17,0.34285,1.736e-17,0.2069,-1.8468e-17,0.24851,-3.507e-17,0.32479,5.4361e-17,0.21787,-6.2294e-17,0.22001,1.8215e-17,0.22728,1.7379e-17,0.23362,0,0.18003,-3.2991e-17,0.30298,0,0.16813,0,0.43879,0,0.5664,5.581e-17,0.64995,3.612e-17,0.60179,-4.0095e-17,0.60275,2.6553e-17,0.31679,3.4765e-17,0.35381,3.6404e-17,0.46589,-9.0176e-17,0.69381,0,0.24321,1.0164e-16,0.38116,-9.1435e-18,0.19774,-3.9098e-17,0.3269,0,0.2724,-3.7792e-17,0.41773,4.4469e-17,0.57143,-9.1182e-18,0.15252,0,0.41101,7.5858e-17,0.3738,0,0.79219,-3.3429e-17,0.35727,-4.06e-17,0.70254,0,0.42072,0,0.52093,6.1679e-17,0.80461,0,0.59365,-9.4861e-17,0.64478,4.3989e-17,0.58814,-6.6053e-17,0.31047,9.8642e-17,0.2271,0,0.35883,0,0.34074,0,0.53999,0,0.52665,-4.6046e-17,0.60191,0,0.67177,-8.9842e-17,0.45022,-4.8319e-17,0.34797,6.9641e-17,0.43809,0,0.44073,-3.6237e-17,0.4073,0,0.35675,0,0.7161,-8.0856e-17,0.52232,-2.7904e-17,0.75952,1.0455e-16,0.68341,-9.1919e-17,0.88755,0,0.94369,-5.0793e-17,0.95303,0,0.77035,4.627e-17,0.79515,6.2366e-18,0.81668,0,0.57983,0,0.41546
0.016535,0.0089121,-0.0046874,0.0056217,0.0087434,0.021666,0.012485,0.013619,0.01186,0.033991,0.0038791,0.004873,-0.012071,0.0025719,0.014936,0.023947,0.003563,0.0042973,0.0058975,0.0034514,-0.0082522,0.12198,0.032488,-0.022457,0.019617,0.011339,0.028409,0.018913,0.038831,0.031073,0.053251,0.012439,0.03205,0.038139,0.089194,0.05752,0.0074173,0.0021832,0.032082,0.01375,0.020995,0.0076613,0.038437,0.015805,0.052075,0.016168,0.0085626,0.013313,0.077113,0.01983,0.021257,0.028583,-0.0063566,0.019444,0.0093514,0.013989,0.011531,0.013682,0.024744,0.012223,0.015779,0.00084202,0.01737,-0.00229,0.013452,0.004009,0.048819,-0.023108,0.037969,-0.014768,-0.0010281,0.057356,0.026525,0.0021668,0.0302,-0.028091,0.010089,-0.051685,-0.02096,0.10806,-0.031922,0.096822,0.03294,0.028848,0.047802,0.018709,0.072187,-0.00087435,0.031267,0.013736,0.062687,-0.007462,0.069102,-0.020011,0.0091025,0.00065423,-0.037417,-0.012571,0.00067213,0.042166,-0.007251,-0.0082103,0.015185,0.030544,0.012643,0.0093057,0.04973,0.077908,0.032017,0.056456,0.035459,0.030907,0.15571,0.1222,0.070639,0.075975,-0.0025435,-0.090851,0.038163,0.027092,0.02754,0.0099759,0.027108,-0.02612,0.06406,-0.044192,-0.045728,0.035656,0.042977,-0.026527,0.014827,-0.008857,-0.030434,-0.023229,0.033086,-0.053308,0.017223,-0.034352,0.07792,-0.010422,0.084218,-0.0020004,0.012073,0.043845,0.061773,-0.039507,0.085805,-0.013803,0.039045,-0.025851,0.053865,0.016837,0.037671,0.024633,0.058929,0.054223,0.01702,0.030791,0.06648,0.0056328,0.013032,0.013447,0.032186,0.010652,0.030597,0.0096633,0.01716,0.006664,0.023542,0.035658,0.036225,0.018515,0.004612,0.012322,0.016396,0.0036773,0.020979,0.04743,0.0038186,0.0059169,0.034225,0.012618,0.01017,0.012402,0.093222,0.021994,0.039363,0.035189,0.058816,-0.0086565,0.047893,0.028506,-0.040164,0.0087569,-0.0015998,0.015693,0.016653,0.019993,-0.0044399,0.0089217,0.045772,0.026886,0.025034,0.010288,0.0005954,0.027325,0.0042305,0.0064515,0.0020382,0.0026313,0.017506,0.0051641,0.0040918,0.0087662,0.061495,0.025486,0.0024887,0.022239,0.0041076,0.014247,0.019741,0.0066497,0.012351,0.00020488,0.024207,0.011968,-0.03754,0.047988,-0.002779,0.0095222,0.0091212,0.052217,0.024439,-0.024698,0.025899,0.023198,0.026048,0.01483,0.071852,-0.035334,0.043437,-0.017998,-0.0032384,0.018296,0.0043581,0.013531,-0.0033012,0.0017082,-0.0050964,0.0092254,0.00879,0.014824,-0.00043509,0.039124,0.008113,0.032834,-0.0022393,0.027917,0.02247,0.0064952,0.0034397,0.004786,0.019809,0.022145,0.0023005,0.017247,-0.0054326,0.015582,0.026464,0.015586,0.016115,-0.05767,0.029621,-0.0067257,0.044535,0.029802,0.034818,-0.084991,0.0065228,0.014589,0.03641,-0.01652,0.028646,0.011449,0.040044,-0.089909,0.027986,-0.050829,0.027527,0.012349,0.017308,0.024847
0.011379,-0.0054607,0.020132,0.082724,0.067361,0.0024166,0.065882,-0.015301,0.06503,0.01664,-0.018968,-0.041708,0.033426,0.075478,0.06931,0.00082504,0.019707,-0.0098988,-0.061421,-0.045095,0.15444,-0.0097235,-0.013175,0.037615,0.037546,0.010904,0.04114,-0.0054587,0.067228,0.017272,0.063009,-0.033335,0.085546,0.011045,0.091112,-0.017905,-0.0069915,-0.034615,0.047936,-0.056699,0.022709,-0.028232,0.054784,-0.059709,0.040725,-0.02616,0.052906,-0.043836,0.085774,0.0075619,0.038208,-0.037871,0.047599,0.026575,0.045972,-0.037866,0.0433,-0.02772,0.065367,-0.058246,0.0076247,-0.0081469,-0.011523,-0.066775,0.0064701,-0.0082624,-0.019955,-0.025159,-0.014282,-0.013371,0.08992,0.017306,0.035017,-0.045952,-0.012999,-0.039495,-0.018262,-0.0095466,0.096084,0.02822,0.11171,0.0037437,0.070423,-0.027423,0.06038,-0.0525,0.032164,-0.059992,0.029339,-0.046956,0.031061,-0.039485,0.0052864,-0.098621,-0.02705,0.049546,-0.038801,0.086342,0.067957,0.039074,-0.036053,0.026752,0.080946,-0.036745,0.0002106,-0.016328,0.05492,0.0048248,0.07666,-0.0036036,0.040255,-0.088118,0.084127,-0.057375,0.046614,-0.0797,-0.047643,0.017317,0.05968,0.014248,0.019624,-0.069849,-0.020903,-0.00053966,-0.07141,-0.012603,-0.037574,0.093728,-0.0050767,-0.011073,0.0016188,0.0043855,-0.017122,0.025484,-0.021708,0.045105,-0.055662,0.020446,-0.014344,-0.021121,-0.013914,-0.04951,-0.019047,0.048105,-0.038538,-0.025452,0.042813,0.033442,-0.015618,-0.027747,-0.034156,-0.089729,0.040612,-0.083105,0.074251,-0.021267,0.0013782,-0.11561,-0.0035812,-0.1196,-0.059407,-0.10156,0.030798,-0.05091,-0.047655,-0.083999,-0.016156,-0.083689,-0.0051616,-0.13107,0.020279,-0.087452,-0.065955,-0.087506,-0.084073,-0.081712,-0.055916,-0.092542,-0.087234,-0.090224,-0.096169,-0.12013,-0.07323,-0.091236,0.053256,-0.12226,0.071222,0.00079042,0.018417,-0.075702,0.052184,0.021533,0.053059,0.060467,0.025179,-0.052888,0.079199,-0.042057,0.017537,0.0043494,0.071977,0.021321,0.013501,-0.044512,0.057499,-0.010099,0.029149,-0.058858,0.02618,-0.0058815,-0.018964,-0.091158,0.030938,0.0049984,0.050312,-0.09391,-0.077948,-0.094602,0.036986,-0.025513,-0.069682,-0.05702,0.013353,0.013961,-0.009944,-0.056743,0.057122,0.098532,0.024995,0.0057448,0.13736,-0.0034769,0.030632,-0.018537,0.088028,0.052424,0.051459,0.0067874,-0.075583,-0.084822,-0.050156,-0.11702,-0.036439,-0.034784,0.043083,0.012963,0.0267,0.036804,0.032898,0.04989,0.03046,0.033809,0.054603,0.0038968,0.07433,0.0012765,0.094819,-0.0084235,0.050912,-0.068344,0.030236,-0.0034749,0.085433,-0.076628,0.074829,-0.017142,0.067438,0.010524,0.051247,-0.002978,-0.031074,0.16637,0.046865,-0.0034814,0.088458,-0.022193,0.02728,0.065261,0.061611,-0.043229,0.016749,0.0033931,0.043771,0.0017741,0.06146,0.1008,0.0055845,-0.017861,0.04185,0.012709,0.07818,-0.060421
0.016834,-0.0053232,0.062044,-0.0077384,0.074241,-0.0053614,0.092305,-0.0031761,0.10209,-0.01247,0.10812,-0.0035184,0.093973,-0.0035622,0.072678,-0.0023233,0.09991,-0.0028049,0.10495,-0.0047542,0.069169,0.010709,-0.011721,0.017733,0.044614,-0.00051738,0.028646,0.014501,-0.0044774,-0.006504,0.023623,0.021071,0.072056,-0.013343,0.028843,-0.038801,0.091252,-0.0058568,0.075984,-0.0065922,0.083597,-0.002949,0.061753,-0.0021116,0.057702,-0.010673,0.093416,0.001142,0.029863,0.0090127,0.082341,-0.0031775,0.096229,0.0028153,0.094507,0.0015071,0.078761,0.007654,0.079871,-0.00021535,0.080521,-0.0020378,0.088963,0.00049637,0.059097,-0.0007961,0.041886,0.015986,0.033326,0.015474,0.039625,-0.0056182,0.071147,0.0094867,0.041997,0.015978,0.044035,-0.015714,0.055788,0.031587,0.051541,0.048139,0.055129,0.0028317,0.053634,0.0026961,0.023126,0.015801,0.053667,0.0042454,0.035123,0.025344,0.056308,0.02403,0.028548,-0.0049203,0.042016,0.0014133,0.03108,-0.015267,0.083067,-0.0017636,0.076187,-0.0032798,0.098335,-0.0098596,0.097133,-0.045071,0.10267,-0.030072,0.072785,-0.0088468,0.023009,-0.083339,0.021591,-0.0094398,0.034233,-0.0075891,0.0054365,0.061349,0.075893,0.0048448,0.041171,0.016344,0.0088024,0.027356,0.072768,0.0064391,0.044728,0.031059,0.0036619,0.00636,0.0084357,-0.010168,0.013379,0.032969,-0.013018,-0.010966,0.010488,-0.0053659,0.018735,0.0041728,0.045952,-0.039961,0.014566,0.017651,-0.021148,0.048951,0.043372,0.028684,0.06376,-0.023327,0.069993,-0.0065106,0.074334,-0.040413,0.10279,-0.01275,0.04928,-0.0023562,0.10216,-0.01221,0.075223,-0.0012163,0.0833,-0.010202,0.095767,-0.0053431,0.097518,-0.016194,0.08188,-0.0055951,0.10053,-0.0067314,0.089956,-0.0074567,0.085555,0.0033028,0.10302,-0.0038055,0.077844,-0.013675,0.10343,-0.0095221,0.032637,0.0014585,0.044133,-0.01993,0.038433,0.016181,0.015633,3.0267e-05,0.0015706,-0.021352,0.099622,0.0073104,0.084249,-0.0023296,0.081906,0.0025261,0.00090998,0.01647,0.086934,-0.0079968,0.097278,0.007482,0.10484,0.00032584,0.097253,0.00017498,0.091671,0.003587,0.084381,0.00024378,0.045531,-0.0039805,0.098852,-0.011613,0.069125,0.01688,0.09371,-0.0052272,0.0060894,0.0065003,0.078908,-0.0092171,0.054725,0.0028573,0.087131,0.0030486,0.075855,0.0020361,0.020801,0.031952,0.041813,0.018032,0.026784,0.0081477,0.044465,0.014523,0.09372,0.020839,0.10525,-0.0067739,0.090248,0.00063112,0.09427,-0.0015035,0.055031,-0.0020952,0.044304,0.0016043,0.079226,0.0049466,0.051803,-0.00093428,0.074829,0.0088925,0.082665,0.0028544,0.083239,0.00074192,0.07532,0.003101,0.081985,0.0079803,0.088485,0.0070704,0.039808,0.023293,0.093265,0.056672,0.05812,0.020893,0.056387,0.038557,0.051914,0.049795,0.0098471,0.03478,0.010815,0.044736,0.026864,0.010816,0.092641,0.07128,0.063422,0.0042366,0.041122,0.015405,0.082346,-0.0038791
-1.0303e-05,0.071547,-0.017547,0.053409,-0.023565,0.041082,-0.017621,0.037858,-0.0095206,-0.012799,-0.011704,0.02125,-0.011321,0.059348,-0.0061,0.043922,-0.01454,0.058734,-0.01896,0.030803,0.0096788,0.0065098,0.011365,0.045001,-0.0013072,0.062688,0.014449,0.060074,-0.0058172,0.063457,0.015159,0.051251,-0.017411,0.011693,-0.026807,0.02973,-0.027528,0.065215,-0.006015,0.051558,-0.012575,0.045949,-0.0016318,0.055596,-0.017917,0.048469,-0.0099071,0.04007,0.0095518,0.021443,-0.019879,0.042938,0.030083,0.021084,-0.0081278,0.043281,0.020833,0.041419,-0.0054095,0.049781,-0.022993,0.053194,0.0032758,0.041886,-0.0066396,0.064604,0.0068459,0.033788,0.015012,0.05457,-0.0040987,0.027021,-0.0034167,0.075076,0.010225,0.012353,-0.045696,0.089977,0.054032,-0.0043324,0.059013,0.042074,-0.0093156,0.027815,-0.0041762,0.043518,-0.0057331,0.052937,-0.011819,0.037151,0.011843,0.047658,0.0078607,0.046346,0.010717,-0.017603,0.0075787,0.049872,-0.026698,0.02777,-0.016568,0.058124,-0.015954,0.035032,-0.028966,0.02508,-0.015291,-0.014314,-0.020511,0.0010973,-0.025012,0.016597,-0.051589,-0.010138,-0.0056076,0.029315,-0.017423,0.074881,0.051901,-0.00017897,-0.0015628,0.053169,0.012177,0.022127,0.03783,0.071169,0.02638,0.067057,0.03033,0.039219,-0.01203,0.026719,-0.0059183,0.009414,-0.0020292,-0.020115,0.00099218,0.039349,-0.0007987,0.07153,0.0067126,0.031595,-0.0036394,0.022515,0.012507,0.032054,0.017205,0.010756,0.020093,0.021445,-0.046584,0.068708,-0.036913,0.035452,-0.036506,0.010356,-0.043874,0.0152,-0.017477,0.037739,-0.033549,0.04538,-0.0036258,0.038749,-0.034349,0.041369,-0.021014,0.035473,-0.067594,0.02435,-0.029017,0.025101,-0.044512,0.051264,-0.023444,0.05796,-0.06163,0.021971,-0.024726,0.046985,-0.043894,0.063391,-0.027019,0.05893,-0.014674,0.038093,-0.020699,0.04641,0.017337,0.055495,0.030162,0.062405,-0.011602,0.090612,-0.00093501,0.013743,-0.0053984,0.040107,0.0064593,0.049819,0.032593,0.055682,-0.0020629,0.045996,0.027024,0.031321,0.011199,0.02064,-0.0028707,0.059151,-0.0076817,0.052044,0.013961,0.057174,-0.028124,0.040639,-0.061348,0.039917,0.0089764,0.045647,-0.0059287,0.07542,-0.007335,0.045467,0.0067218,0.039168,0.017692,0.017064,0.018887,0.042501,0.0033521,0.042059,0.036293,0.025927,0.013444,0.042896,0.019635,0.067356,0.050936,0.08435,-0.0080587,0.042727,-0.083494,0.038406,0.0062493,0.045021,-0.015839,0.066246,-0.0039276,0.085258,0.015922,0.085013,0.012067,0.017309,-0.011286,0.043331,0.020626,0.04549,-0.011515,0.058143,0.003177,0.073258,0.0067539,0.029694,0.019452,0.044939,0.024218,0.055365,0.0078758,0.017662,0.038953,0.0095943,-0.0022744,0.0039597,0.019577,-0.015607,-0.026205,-0.016052,0.055832,0.013675,0.021075,0.0018137,-0.0065073,0.037361,-0.008621,-0.028221,-0.0077274,-0.00067549,0.021765,0.056577,-0.015154,0.032802
0.0090026,0.012046,-0.0054622,0.011031,0.0089106,0.023689,0.010506,0.012504,-0.0033307,0.021823,0.0020881,0.0028834,-0.01025,0.0033854,0.016087,0.02592,0.0016186,0.0048335,0.0035511,0.0015499,0.0067778,0.051813,0.017789,-0.031145,0.019269,0.0047887,0.030819,0.0024085,0.029063,0.02827,0.041598,0.0029511,0.022749,0.035491,0.049218,0.06417,0.006602,0.00065114,0.027605,0.018375,0.020928,0.0074329,0.032655,0.015361,0.043163,0.019897,0.012399,0.012554,0.05194,0.0037005,0.021649,0.01394,-0.0080304,0.016551,0.012688,0.0078492,0.0089192,0.0055568,0.02394,0.013375,0.015268,-0.00038859,0.020328,-0.0031793,0.01602,0.004106,0.02874,-0.027779,0.02205,-0.024506,-0.0076636,0.032522,0.018858,-0.0013761,-0.0019798,-0.0081867,0.022777,-0.03672,-0.016494,0.037304,0.0033276,0.037528,0.037218,0.024634,0.042748,0.013082,0.022392,-0.006756,0.023374,0.0025689,0.039678,-0.019758,0.033935,-0.024596,-0.029482,-0.0038727,-0.020034,-0.01109,0.00075403,0.013848,-0.0091925,-0.0065368,0.01429,0.026169,0.0052663,0.0098543,-0.0063478,0.04688,-0.0052772,0.033773,0.034192,0.019227,0.050618,0.098888,0.063056,0.078049,0.010639,-0.065142,-0.00034483,-0.018754,0.031578,0.0091425,0.010493,-0.030769,0.037156,-0.045415,-0.022131,0.012622,0.012839,-0.027816,0.02531,-0.015688,-0.0064185,-2.2531e-05,-0.023433,-0.0422,0.02586,-0.019982,0.064796,-0.009265,0.071659,-0.0034643,-0.019724,0.029468,0.039361,-0.03963,0.024778,-0.040684,0.013041,-0.028556,0.039251,0.016454,0.03511,0.015568,0.017045,0.053378,0.010499,0.008348,0.0613,-0.00049406,0.0065081,0.0058625,0.032822,0.0095002,0.026855,0.0068095,0.016819,0.004208,0.017392,0.011853,0.033944,0.01143,0.0033252,0.0011533,0.01348,-0.00027298,0.036701,0.015556,0.0011367,-0.0021605,0.028189,0.00037077,0.0026255,0.0044391,0.076398,0.013484,0.020249,0.042602,0.031524,-0.0030172,0.038525,0.02621,-0.026546,0.0092418,0.0098183,0.0093166,0.014971,0.019343,0.0017719,0.0089241,0.034662,0.0080941,0.020938,0.014765,0.0061012,0.01035,0.0064939,0.0050714,0.0026897,0.0029477,0.021991,-0.0021257,0.0038283,0.0096443,0.053945,0.017478,-0.0054369,0.005968,0.018314,0.0097524,0.0068492,-0.0051863,0.0074736,-0.01686,0.021824,0.014314,-0.032629,0.029182,0.0011277,0.0095939,0.0014274,0.029716,0.006357,-0.017683,0.011914,-0.00017039,0.021877,0.0097769,0.038123,-0.022216,0.0098043,-0.029653,-0.0027083,0.00035588,0.0069748,0.0087536,-0.0028895,0.004189,8.17e-06,0.010117,0.012015,0.017994,0.0035483,0.015547,0.0077721,0.02273,0.0055396,0.024594,0.020007,0.0037629,0.0038012,0.0039014,0.02509,0.022615,0.0075267,0.019719,0.00027081,0.013883,0.0077554,0.012798,-0.048637,-0.032679,-0.007233,0.010268,0.0074228,0.0051059,-0.051187,-0.0083901,-0.0020952,0.024647,-0.0095171,-0.023074,0.010769,-0.0061476,-0.063485,-0.0090633,0.017077,-0.0019153,0.025438,-0.0049866,0.015743,0.024267
0.00057531,0.010368,0.0088646,-0.013902,0.0044932,-0.0024005,0.012542,0.0013796,-0.0021608,0.018609,0.0057903,-0.0011701,-0.0070234,-0.0014674,0.012057,-0.014476,0.015245,0.0097496,0.008224,-0.014835,-0.032032,-0.0030243,-0.0183,-0.0097297,-0.017778,-0.0068368,-0.024674,-0.015119,-0.0077887,-0.0010731,-0.0044754,-0.002415,-0.0020544,0.0073317,0.010243,0.0070401,-0.00075642,-0.0076164,0.014382,-0.0032802,0.0043674,-0.012242,0.0079324,0.0066729,0.0053799,-0.006269,0.012835,-0.013411,-0.010523,0.015093,0.0015031,-0.0089449,0.0043263,-0.0039174,-0.001905,-0.019302,-0.012945,-0.0045371,0.016838,-0.01487,-0.001002,-0.0084535,0.0031195,-0.015388,0.0034218,-0.014148,-0.0068924,0.0054896,-0.020683,0.0092185,-0.030933,0.0026151,0.0065247,-0.019972,0.016358,0.035744,-0.0055813,-0.031855,-0.072823,-0.011515,-0.061128,-0.018256,0.0043775,-0.020125,-0.0044214,-0.010968,-0.0023953,0.032019,-0.0057159,-0.001618,-0.016976,0.011933,-0.0058915,0.016908,-0.0034859,0.0092931,0.0059999,-0.030651,-0.023218,-0.011365,0.0053103,0.0095054,-0.00048974,-0.0035202,0.0040624,0.01344,-0.020094,0.032949,-0.010885,0.032755,-0.0070937,-0.0017254,-0.00018231,0.018494,0.011473,-0.035934,-0.022522,-0.027563,-0.050034,0.01056,-0.0028036,-0.033716,-0.0062142,0.0027996,-0.0046035,0.013021,0.030427,-0.042101,-0.010297,0.025372,-0.00039151,-0.018955,0.028678,-0.015575,0.012821,0.031918,0.024074,-0.016509,-0.016965,-0.020968,-0.0016963,-0.0060637,0.019932,-0.019823,-0.0055242,0.0039708,-0.032316,0.0083393,-0.0029848,0.01531,0.015942,-0.010546,-0.0034999,0.0070405,0.01583,0.025322,-0.010667,0.00058666,-0.0044903,-0.019058,0.0097123,-0.0086652,0.0015248,-0.018076,0.0023972,-0.011013,0.0053399,-0.010184,-0.00073277,0.0064051,0.00026494,-0.0075001,-0.0046458,-0.010788,-0.0075976,-0.02,-0.0053011,-0.0029603,-0.016063,-0.0062424,0.00037068,-0.0052692,0.0010157,-0.017103,-0.016851,-0.014171,0.017148,0.013954,0.0093763,0.01516,0.0014053,-0.0092366,0.005284,-0.009119,-0.017494,-0.025766,0.010795,-0.0032499,0.0041345,-0.02243,-0.024457,-0.0064801,0.01534,-0.013852,-0.019107,-0.019299,0.00033273,-0.017044,0.003911,-0.0089782,-0.010353,-0.022954,0.009316,-0.0035617,-0.0029723,0.0010554,-0.01507,-0.003897,-0.0061837,-0.034566,0.017298,0.01755,-0.017325,0.0035244,0.0019105,-0.030821,-0.022945,-0.014971,0.0035118,-0.019209,-0.031065,-0.0070532,0.0084773,0.032171,-0.027581,-0.0012987,-0.0094456,-0.0020414,0.011022,0.0012946,-0.027069,0.019205,-0.0046399,0.0083955,-0.0079489,-0.014948,0.0099059,-0.0025735,0.0057522,-0.014633,0.020629,-0.013212,-0.024931,-0.016164,-0.01708,-0.011074,0.01019,-0.022772,0.0042928,-0.017675,-0.0045076,-0.0050859,0.011898,-0.010816,0.0068392,-0.016939,0.010862,-0.012515,-0.007145,0.014272,0.01249,0.0076147,0.018336,0.019769,-0.023584,0.023045,0.046295,0.015345,-0.0067958,0.030659,-0.0053416,0.020636,-0.024053,0.0053464,0.031252,0.0089255,0.009735,-0.01143,-0.011907,-0.011681,0.016435,-0.0065168
-0.021923,-0.0082287,0.0016949,-0.0091826,0.01941,-0.0090164,0.025148,-0.0046934,0.03948,-0.003717,0.038772,-0.0020411,0.026128,-0.00033063,0.015026,-0.007465,0.030337,-0.0035677,0.035824,-0.0028601,0.0070011,-0.0019524,-0.024354,0.02477,-0.0053608,0.0019062,-0.014188,0.010319,-0.032774,-0.007273,-0.012727,0.025511,0.017157,-0.017674,0.0015677,-0.03845,0.025076,-0.0070944,0.012888,-0.011661,0.016312,-0.0046085,0.00039526,-0.00224,-0.0008548,-0.016239,0.027509,-0.0031415,-0.015452,0.022777,0.012877,-0.0053009,0.032942,0.0071447,0.024938,-0.0011506,0.018106,0.01397,0.015109,-0.0026264,0.013178,-0.0027194,0.020701,0.0028801,0.0026969,-0.00024739,0.0070977,0.021985,-0.0042133,0.019202,0.0058488,-0.00014043,0.011469,0.013403,0.011564,0.0044512,0.0055025,0.00062103,0.021543,0.026929,0.010643,0.015343,0.00041675,-0.0031914,-0.0014377,0.0044321,0.01016,0.013406,0.014555,0.010591,0.00041269,0.027156,0.021208,0.020407,0.022092,0.012442,-0.0018715,0.00077111,-0.010508,-0.00077441,0.020067,-0.0043252,0.020772,-0.0057337,0.035167,-0.011111,0.048059,-0.010439,0.044522,-0.0066348,0.011286,-0.013142,0.027724,-0.043258,0.0089171,-0.023002,0.0095305,0.006236,0.0088067,0.048763,0.012468,0.00064107,0.012109,0.023106,-0.018247,0.028079,0.010182,0.0035799,0.015577,0.02748,-0.015805,0.00782,0.010038,-0.0080246,0.026674,0.013669,-0.032016,-0.007281,-0.024971,-0.0050586,-0.022257,0.0043183,0.022242,-0.01876,-0.0024193,0.023225,-0.00047067,0.049415,0.018663,0.020232,0.0061559,-0.022048,0.0079931,-0.010527,0.036196,-0.028967,0.030239,-0.005799,-0.0072932,-0.0021324,0.034177,-0.0052685,0.0090422,-0.00391,0.013816,-0.010269,0.024322,-0.0059606,0.023507,-0.014159,0.0098898,-0.0097634,0.02846,-0.0029311,0.022431,-0.0029135,0.012807,-0.013148,0.031738,0.0020833,0.0082511,-0.0078923,0.034373,-0.0017005,-0.01526,-0.0048492,0.0017332,-0.019967,0.0070519,0.012597,-0.030224,-0.0019482,-0.036242,-0.026371,0.034451,0.0010245,0.019628,-0.0042856,0.022123,0.00092734,-0.036827,0.021539,0.021229,-0.011587,0.025978,0.0061102,0.03457,0.0004283,0.028323,-0.00010343,0.022136,0.0014395,0.018243,-0.00063762,-0.0048257,-0.0087118,0.025884,-0.0028612,0.015099,0.015447,0.02665,0.0055672,-0.012818,0.010817,0.020462,-0.010038,0.016418,0.0060078,0.025357,0.0055103,0.021213,0.010006,0.015906,0.020584,-0.0012165,0.030212,-0.021515,0.011001,0.0047867,0.011302,0.035239,0.017048,0.029776,-0.0046452,0.022697,-0.00088712,0.025268,-0.0012001,-0.0037419,-0.0043749,-0.012245,-0.0034091,0.019148,0.0068594,0.0067045,0.0030065,0.014781,0.0075697,0.017088,0.0036531,0.016726,0.00081695,0.012515,0.0013971,0.019782,0.0060775,0.023839,0.0067177,0.022852,0.011787,0.036967,0.0026832,0.019732,-0.004967,0.040094,0.027193,0.02734,-0.018873,-0.0075966,0.016821,0.016616,0.020719,0.0027199,0.017428,0.037435,-0.0082079,0.011113,0.0019937,-0.010389,0.019475,0.023548,-0.0054455
-0.0037627,0.0039966,-0.0078441,0.016925,-0.012608,0.0044421,-0.0005359,0.020845,0.01452,0.0021175,-4.9548e-05,0.0031173,0.0033761,0.0099246,-0.015042,0.013574,-0.007199,0.019889,-0.017486,0.012367,-0.0069051,0.036899,0.017403,-0.00097231,-0.0011951,0.0095155,-0.006461,0.011992,-0.0025256,0.0030997,0.0073998,0.0074755,-0.00094331,0.011142,-0.0033171,-0.0025701,-0.0080487,0.013941,-0.003476,0.0088248,-0.0002083,0.023663,0.003997,0.016238,-0.012215,0.020392,-0.008375,0.01692,0.02051,0.013949,0.00013274,0.015758,0.0055363,0.012721,-0.0037169,0.026533,0.01917,0.015961,-0.0010008,0.017509,-0.0015348,0.030203,0.0052927,0.023853,0.0019995,0.012719,0.014452,0.0049842,0.0098733,0.00083805,0.0026702,0.0093903,0.021258,0.020202,-0.0088756,0.010528,0.034917,-0.005731,-0.0039586,0.0047858,-0.023077,0.0053181,-0.0088361,0.01341,0.0088064,0.017679,0.0097408,-0.012628,0.014939,-0.007853,0.0028677,2.0838e-05,0.0040911,-0.012539,0.021642,0.0019187,0.0032674,0.0044947,0.010561,0.017065,-0.0032151,0.018088,0.0011033,0.013829,-0.0081482,-0.0045588,0.029381,0.005166,0.017238,0.0053246,0.001937,0.0081878,0.00090044,-0.014389,-0.028472,-0.014157,0.024211,-0.028217,-0.0076478,0.0020511,-0.002139,0.010053,0.0062097,0.0026825,0.0065579,-0.0017581,-0.019275,-0.0051698,0.0020345,-0.013203,0.011746,-0.0010476,0.0032549,-0.0088142,-0.010311,-0.011754,0.0082145,0.0006727,0.0041095,0.0075503,-0.00045658,0.0092698,-0.019059,-0.010947,0.017618,-0.00092813,0.012162,-0.0060128,-0.013283,-0.0066863,-0.012688,0.0093901,-0.0051015,0.01619,0.00036736,-0.0065642,0.0067608,0.0042592,0.0011924,0.0063188,-0.011542,0.0034204,-0.0012037,0.019784,-0.011431,0.0087968,-0.0085168,0.013365,-0.0022621,-0.0019217,-0.0028238,0.012394,-0.014582,0.015004,-0.017593,0.016746,-0.017156,0.017331,-0.00896,0.0099509,-0.013869,0.0094631,-0.014755,0.0082767,0.0053028,0.0091695,0.00047172,0.005494,-0.0004401,-0.0043263,-0.010325,0.023736,-0.017348,0.0078681,-0.012705,0.01661,0.0016267,0.016997,-0.0047035,0.0098704,0.0014718,0.018114,-0.014152,0.015059,0.0046209,0.033184,0.0059775,0.023393,0.00060725,0.024571,0.0048315,0.025454,-0.0061806,0.02633,-0.0072587,0.013193,-0.010427,0.0018556,-0.0069046,0.024141,0.0041014,0.0020589,0.005366,-0.009686,-0.0021393,0.011738,-0.0028769,0.0060403,0.0086999,0.014627,0.013998,0.024466,-0.015598,-0.010352,0.0042139,0.012161,-0.001891,0.01885,-0.014469,-0.0041625,0.00065559,-0.0068803,-0.0050596,0.015288,-0.0089191,0.024645,-0.0012002,0.021571,-0.011818,0.014592,-0.0086945,0.016181,0.0011973,0.027033,0.0071613,0.012355,-0.0025303,0.023091,0.0067233,0.013717,-0.0011157,0.025148,-0.0025515,0.026599,-0.0038635,0.01025,0.0007769,0.020773,-0.018931,-0.014926,-0.026358,0.014765,-0.021198,0.024948,-0.0089162,-0.0031225,-0.03259,0.019103,-0.028184,0.0070153,-0.020524,-0.0037501,0.012131,0.00035994,-0.033881,0.034996,0.015838,0.012603,0.0098502,0.013731,0.00070457,0.007069
0.0033302,0.011751,0.0035701,0.012072,0.0081138,0.015929,0.0074313,0.0099505,-0.0018971,0.010941,0.00076923,0.0020983,-0.0067613,0.00018641,0.012238,0.020181,1.1381e-05,0.0047441,0.0036475,0.0025575,-0.00013736,0.018615,0.0089443,-0.022547,0.020493,-0.0027994,0.019987,-0.0080222,0.019314,0.012686,0.02107,-0.008591,0.011076,0.024711,0.011765,0.038855,0.0050615,-4.437e-06,0.018661,0.018592,0.01785,0.0070427,0.022364,0.010388,0.02921,0.018223,0.0092048,0.008654,0.033498,-0.013194,0.017154,0.013097,-0.0038359,0.011068,0.010922,0.0058529,0.0069365,-0.00047427,0.018503,0.010729,0.014042,-0.001786,0.016225,-0.0028968,0.0169,0.0038723,0.0085196,-0.023902,0.0075091,-0.020401,-0.003423,0.0052667,0.014209,0.0003432,-0.0096068,0.0076972,0.010314,-0.013047,-0.0051811,-0.0011247,-0.0021545,-0.0017098,0.028732,0.016301,0.032542,0.0040087,-0.013453,0.0017656,0.0093878,-0.0071725,0.012194,-0.022125,0.0024565,-0.014185,-0.00083484,-0.014292,0.00092956,-0.0017788,0.011557,-0.0012365,-0.0068468,-0.0026999,0.0077695,0.014285,-0.00063725,0.0075064,-0.0055845,0.0085793,-0.0020547,0.0080872,0.021833,0.016239,0.0033725,0.02534,0.02738,0.037167,0.0009076,-0.022865,-0.011515,-0.021374,0.028894,0.0050302,-0.0067363,-0.019012,0.011306,-0.022195,-0.0027099,0.028772,-0.0046104,-0.015701,0.014611,-0.01787,0.0085403,0.015338,-0.02889,-0.0046161,0.02173,-0.0033221,0.037881,-0.0046799,0.045168,-0.0030055,-0.0087807,0.011838,0.010703,-0.017473,-0.0039744,-0.024111,-0.0059886,-0.011986,0.025089,0.015951,0.021951,0.010256,-0.0032552,0.024133,0.0087423,0.0063881,0.041184,-0.00097917,0.0057115,0.0040935,0.02708,0.0083163,0.023113,0.0097485,0.014167,0.006348,0.011172,0.014062,0.025999,0.013483,0.006525,0.0011437,0.014136,-0.00042577,0.021119,0.0097081,0.0044837,-0.0018602,0.025759,0.0054289,0.0050937,0.0013873,0.043564,0.0080079,0.0050028,0.030885,0.0021813,0.0055538,0.026707,0.018474,-0.010284,0.0067471,0.007888,0.0010568,0.011208,0.015823,0.0058941,0.0057495,0.024556,-0.006754,0.014219,0.015237,0.005323,0.0045357,0.0049494,0.0031086,0.0022623,0.0021116,0.015993,-0.0041743,0.0038074,0.0093836,0.028745,0.0081276,-0.00045557,0.006355,0.020738,-0.00072932,0.0043705,-0.0043768,-0.0012564,-0.023627,0.013791,0.013557,-0.010207,0.0058887,0.005653,0.0071001,0.0019338,0.0085465,-0.017614,-0.002561,0.0059114,-0.018173,0.018047,0.0015292,0.016329,-0.007957,0.0018955,-0.013856,0.0039584,0.0050055,0.0087464,0.0055015,-0.0014469,0.003865,0.0048882,0.0082912,0.011089,0.015553,0.0074369,0.0040309,0.0087112,0.0051136,0.0092196,0.015495,0.015838,0.00091986,0.0038544,0.0024648,0.017484,0.013507,0.01122,0.013238,0.0036296,0.0078808,-0.0011501,0.01124,-0.0091725,0.0014841,-0.0031866,0.020436,-0.014934,0.0012738,-0.0068487,0.018592,-0.012067,0.0029589,-0.021295,-0.00079476,-0.0035105,-0.016757,0.0046282,0.014693,0.0060492,-0.011468,0.016306,-0.01182,0.0097826,0.015753
0.0029307,-0.0015641,0.012388,-0.0065858,-0.0049629,-0.0031339,0.004089,-0.00012467,-0.002355,-0.0015215,-0.0043143,0.0019717,-0.00037544,-0.0034141,0.0034038,0.0026606,0.0037679,0.0074154,0.0028033,-0.0035331,-0.0029471,0.007228,-0.0010526,0.00031559,-0.0031154,-0.010929,-0.0028253,0.0090421,-0.0081991,-0.001849,-0.0077389,0.0090416,0.0018678,0.012412,5.6193e-05,0.012134,-0.0031098,0.0008906,0.0074735,0.0073249,0.0010137,-0.0051383,0.00034899,-0.00016112,0.0033481,-0.0028729,0.0037455,-0.00037184,-0.0086193,0.0030831,-0.00088557,-0.0027873,0.0014765,-0.0070205,0.0056196,-0.0053631,-0.0023024,-0.0024528,0.0022923,-0.0038123,-0.0019465,-0.0041368,-0.00048546,-0.0044522,0.0018069,-0.00764,-0.0080439,0.0077096,0.0026865,0.0079348,-0.0056472,-0.0029016,-0.0067942,-0.010222,0.0064362,-0.010154,0.0073928,0.016292,0.0018046,0.0040777,0.00084368,0.015501,0.00067566,-0.0011812,-0.0082423,-0.004359,0.0058154,0.010161,-0.010914,0.0048567,-0.0061882,0.015777,0.0012429,0.021517,-0.017592,-0.017188,0.0026357,-0.01027,0.0045126,-0.0083929,0.0048827,0.00023016,-0.0045369,-0.00013306,-0.0049667,0.010481,-0.01284,-0.0027808,-0.011665,-0.0013782,-0.00091841,-0.0055075,-0.011648,0.0047912,-0.025468,0.011793,0.03425,0.020229,0.0063757,0.01012,-0.00344,-0.016178,0.0062033,0.01597,0.0098595,0.01236,0.0082677,0.002479,0.0021856,0.011083,-0.0028707,0.0053162,-0.00040252,0.0013316,0.015497,0.0010582,-0.00052357,-0.0027094,0.0053241,0.0052821,-0.0018075,0.0010903,0.0025531,0.018728,0.0045408,0.013736,0.0022113,0.0065179,0.012647,0.0078623,6.5815e-06,0.0098743,-0.0042768,0.00482,-0.011006,0.010519,-0.012701,-0.0099224,-0.0037845,0.001769,-0.00030254,0.0045704,0.0030783,-0.0047698,-0.0012412,-0.0028919,0.0033774,-0.0071727,-0.0090965,-0.0029476,0.0027816,-0.0093348,-0.0094173,-0.0072325,-0.0018888,-0.00021453,0.0039199,-0.0064076,-0.011053,-0.0035481,-0.0015461,-0.00095382,-0.003919,0.0024393,-0.0077433,-0.00020225,-0.00045272,0.0045256,0.0092689,0.012229,-0.00039096,0.0029459,-0.0024456,-0.012421,-0.010785,-0.004152,0.0063771,-0.0062935,-0.0023863,-0.0042657,-0.0049978,0.004405,0.0050191,-0.00021004,0.0013538,-0.00086518,-0.0032228,-0.010488,-0.00019776,0.0015496,0.004019,-0.0050038,0.0064471,0.0017746,-0.0057888,0.0051218,-0.029092,-0.0011901,-0.010087,-0.0013852,-0.0070825,0.013975,-0.0011264,0.0053983,0.0073439,-0.0070594,-0.011809,-0.011076,0.0013726,-0.011863,-0.010457,-0.0067985,0.0094902,0.0073805,-0.008021,0.0049955,-0.0052024,-0.0036634,0.02232,0.017463,0.0063071,0.0045267,-0.0035718,-0.0083953,-0.0021009,-0.0088453,0.0050666,-0.0055949,0.0009992,-0.008965,-0.0016732,-0.0019961,0.0018506,-0.0044227,-0.0073991,-0.0042098,0.0032175,-0.0029592,-0.0046157,-0.010207,0.00068967,-0.0013671,-0.002958,-0.010141,0.0035021,-0.0067082,-0.0038237,-0.0042445,0.010229,0.0047164,1.0605e-06,-0.024127,0.007902,-0.015534,0.0084177,0.014147,0.0014861,-0.026869,-0.0032075,-0.0020696,0.012772,-0.00056226,-0.0023994,0.0082909,0.0057593,-0.025111,-0.01152,0.024427,-0.012344,0.0064188,-0.0023637,-0.001899
-0.012373,-0.0080591,-0.0044949,-0.010826,0.0092054,-0.0098961,0.0081156,-0.00367,0.018695,-0.0016516,0.019895,-0.0010772,0.011767,-0.00091999,0.0048548,-0.0093765,0.012742,-0.0034025,0.016542,-0.0036675,-0.010293,-0.00094104,-0.0051194,0.014021,-0.0097395,0.00069598,-0.013243,0.0060303,-0.0187,-0.0065557,-0.0087241,0.020775,0.0049063,-0.013816,0.0072982,-0.014003,0.010427,-0.0055516,0.0030787,-0.011531,0.00085956,-0.0047689,-0.0071574,0.00060899,-0.0056032,-0.015325,0.0094318,-0.0037582,-0.018796,0.024828,0.0020784,-0.0039618,0.015605,0.0067184,0.0075768,-0.0015439,0.0057874,0.014278,0.0017367,-0.0023881,-0.0023767,-0.0012312,0.004115,0.0037097,-0.0036356,2.7011e-05,0.007436,0.015555,-0.0027393,0.01263,-0.0013823,-0.00060491,0.0019882,0.010309,-0.0021157,-0.0010938,-0.0010691,0.0042886,0.0016645,0.0075036,-0.0078438,0.00096434,-0.007647,-0.0025706,-0.0098169,0.0038953,0.019395,0.0048121,0.011489,0.01445,0.005867,0.017987,0.020674,0.0083908,-0.00024209,0.01583,-0.0040885,0.0033981,-0.013114,0.0023114,0.0062998,-0.0034638,0.0066656,-0.0017443,0.020587,-0.0074151,0.011615,0.0068367,0.01232,0.00068886,0.0031376,-0.0097856,0.013835,0.011201,0.011508,-0.013269,0.0018526,0.0030994,0.0013081,0.0087424,-0.00090019,-0.0027013,0.010272,0.0072798,-0.0077229,0.011823,0.022294,0.010316,0.012619,0.010786,-0.010606,0.017488,0.011943,0.00011914,0.014502,-0.0035645,-0.019031,-0.0060538,-0.011576,-0.0034755,-0.014931,0.0018542,0.0053118,-0.0055626,-0.00038523,0.0070789,0.0078045,0.015415,0.014214,0.0002824,0.0012072,-0.016884,-0.0024957,-0.0060043,0.019619,-0.0046409,0.013894,-0.00409,-0.009468,-0.00023697,0.015312,-0.0049777,-0.0045826,-0.0044978,0.00033321,-0.011893,0.0080524,-0.0073224,0.013606,-0.010094,-0.0017295,-0.0092746,0.011813,-0.0043372,0.00487,-0.0028913,-0.0094161,-0.0055948,0.01416,-2.0565e-05,-0.0018744,-0.010454,0.014425,-0.0022409,-0.0083308,-0.0019426,0.0012666,-0.009575,0.014505,0.0019869,-0.023635,-0.0066076,-0.020665,-0.022133,0.012335,-0.0002214,0.0053468,-0.003399,0.010756,-0.0028043,-0.028953,0.010957,0.0085991,-0.012255,0.0068152,0.0059646,0.015164,-6.6287e-05,0.01064,-9.3106e-05,0.0048676,0.0037971,0.0035205,-0.0033384,-0.0042054,-0.0020407,0.011927,-0.0054332,0.0027494,0.0089724,0.012153,0.0016807,-0.002013,0.013624,0.010507,-0.0070858,0.003958,-0.00059434,0.009692,0.0044351,0.003429,0.0099587,0.019635,0.0029461,-0.0033769,0.023301,-0.02004,0.0069935,0.0016522,0.0035876,0.019854,0.0034577,0.018929,-0.0056012,0.0057853,-0.0025934,0.0089281,-0.0011614,-0.0087969,-0.0064237,-0.014375,-0.0068163,0.0015561,0.0049829,-0.0021483,0.0052909,7.7024e-05,0.0020437,0.0036879,0.0052266,0.0025969,0.00043144,-0.00080656,-0.00015822,0.0048692,0.0029317,0.0063734,0.0034891,0.018449,-0.0082707,-0.0041715,0.0004777,-0.0038479,-0.0054957,0.024855,0.00341,-0.0095434,-0.0042477,-0.0043493,-0.0018953,0.0096042,-0.0052299,0.0047739,0.014419,-0.0097173,0.0075316,0.017793,0.0050599,-0.010895,0.016759,0.0090133,-0.0023788
-0.00045741,-0.009398,-0.0078078,-0.00039203,-0.0052829,0.00139,-0.00019537,0.0093336,0.0022433,0.0069958,0.003881,0.0047666,-0.00085528,0.0043025,-0.0038403,0.001383,-0.0012906,0.010305,-0.0069565,0.010148,0.00068854,-0.0038842,-0.002545,-0.0076769,-0.002244,0.0031965,0.0012892,-0.0050659,-0.0021065,-0.0049583,0.0012716,0.00083402,0.0013752,-7.9846e-05,0.0050551,-0.00404,0.0023322,0.0047114,-0.001755,-5.9677e-05,-0.0019356,0.010858,0.0027605,0.0037494,-0.0058954,0.0055753,0.00050782,0.0094814,0.0055069,0.0062902,-0.0014992,0.0051686,0.00036521,0.0087064,-0.00090285,0.0075523,0.0024654,-0.00024699,0.0026723,0.0083413,-0.0012534,0.011163,0.0040853,0.0098722,-0.0020846,-0.0010119,-0.0011498,-0.0027843,-0.0048318,-0.0013119,-0.0010155,-0.005705,0.0040716,0.0011077,0.0030438,0.0082245,0.0044617,-0.004337,-0.0010741,0.0032142,-0.00037722,-0.0010352,0.00015008,-0.00048,-0.0016334,0.0093123,-0.0058994,-0.0016111,0.0012864,0.00078031,-0.0023224,-0.0070903,-0.0055948,-0.0076574,-0.0009706,0.0083243,-0.00093454,0.0073856,-0.0040787,-0.0015477,0.00045605,0.0045171,0.0029117,0.0051847,0.0047054,-0.00072399,0.0023652,0.0058104,0.00050829,0.012245,-0.0043353,-0.0015577,0.00075612,-0.0027548,-0.0069979,0.0037085,-0.013385,0.0054915,-0.012228,-0.0036514,-0.0060348,0.0081964,-0.010744,-0.0086053,-0.0023679,-0.0060501,0.0011568,-0.010598,-0.0064818,-0.0015256,0.013009,0.0014272,8.8387e-05,0.0031588,-0.0054102,0.00081638,-0.0032901,-0.0050457,0.0032404,0.0040898,0.0012971,0.0014186,0.014277,-0.0090597,-0.009207,0.0022147,-0.0021126,-0.0054055,-0.011564,0.00037929,0.0019363,-0.00019658,-0.0036827,0.0083495,0.0082879,0.0053347,-0.004839,0.010223,0.0031907,0.0010859,0.00078003,-0.0011209,-0.001338,0.0059031,-0.0055792,0.0031913,-0.0063064,0.007444,-7.7163e-06,0.0034026,-0.0067183,0.0036976,-0.0039711,0.0083974,-0.0063026,0.0097238,-0.0068751,0.0030627,-0.0033804,0.01155,-0.0085621,0.0054397,-0.0031764,0.0045909,-0.0029329,-0.0012125,-0.00034054,-0.001097,-0.0032837,-0.0069036,-0.007718,0.00045716,-0.0060169,-0.0095987,0.00043983,0.013586,-0.0022201,0.0058455,-0.0062644,-0.00069389,-0.0047193,-0.0026619,-0.0060139,0.0017292,0.0090341,0.0074646,-0.0012454,0.010923,0.0016701,0.01233,0.0065719,0.0036697,-0.00644,0.0070899,-0.0021446,-0.00039824,-0.0028749,0.005124,-0.0015095,0.018412,0.0068344,0.0079276,0.002809,-0.0039632,-0.0064238,-0.004166,0.003188,0.010698,-0.00022141,0.012541,0.0042161,0.0021271,-0.0065587,-0.0010574,-0.0028269,-0.0028291,-0.0028427,-0.0016865,-0.0073933,0.0052517,-0.017322,0.013897,-0.0043803,0.016709,-0.0017065,0.0078848,-0.0022586,0.010441,-0.0035786,0.0023432,-0.0086294,0.0058527,0.0040374,0.003084,0.0011812,0.0010202,-0.00098099,0.0091182,0.0051374,0.0045962,-0.00012423,0.0049177,0.00054426,0.00084953,-0.0026689,0.01113,-0.002554,0.015273,-0.01557,0.0012449,-0.0038635,0.015866,0.0073583,0.010358,-0.016954,-0.0011667,0.0095175,0.014416,0.0017146,5.2242e-05,-0.0034873,0.0037269,-0.0017199,-0.0049163,0.0054726,0.0071444,-0.0047376,-0.019423,0.0059571,0.0027881,0.0034421,0.0071116
0.00070171,0.0084452,0.0033568,0.012412,0.0061421,0.0090057,0.0062764,0.0080266,-0.0017977,0.007216,0.00023899,0.00086004,-0.0036046,4.4974e-05,0.0053716,0.013879,-0.00095583,0.0039913,0.002727,0.0030343,-0.00047961,0.0087946,0.00083075,-0.0051758,0.015574,-0.0036337,0.0078914,-0.0036718,0.0078738,0.0038967,0.0043652,-0.0068646,0.0031191,0.018954,-0.0015519,0.010337,0.0034477,-0.00062767,0.010632,0.015256,0.014038,0.0064319,0.015893,0.0053679,0.015586,0.013547,0.0057129,0.0075959,0.019114,-0.012186,0.014047,0.0074773,0.00011608,0.0074561,0.0082534,0.0049843,0.0045315,-0.0014595,0.013184,0.0078041,0.01154,-0.0018148,0.012448,-0.0031771,0.013445,0.0022903,0.0011195,-0.010853,0.0020888,-0.0088411,-0.002203,0.0021165,0.010993,0.0020447,0.0013624,0.0059436,0.00043001,-0.0054481,-0.0090452,-0.0014528,-0.014651,0.0015447,0.019941,0.010771,0.020541,0.001543,-0.013463,0.0089936,0.00085494,-0.0075229,-0.00099909,-0.012694,-0.0037891,-0.0039798,0.00146,-0.010897,0.006151,0.0012937,0.010351,-0.005896,-0.0046884,-0.00060766,0.0053391,0.0077212,-0.0023747,0.0033358,0.011187,0.0071157,0.0060325,0.0099554,0.014354,0.011159,0.013877,-0.0074841,0.00094423,0.0053479,-0.0028343,-0.0029379,-0.0036494,-0.0019335,0.020165,0.0024812,-0.007135,-0.0025989,0.0031139,2.6112e-05,0.0020563,0.010232,-0.0018599,-0.0044258,0.0025752,-0.0088155,0.0021713,0.012617,-0.0074781,0.0043493,0.0098865,-0.0058173,0.010546,-0.00017172,0.02135,-0.0016216,-0.0040138,0.0081694,0.0028122,0.00030836,-0.0026128,0.0061773,-0.0052552,0.0015552,0.011454,0.0096811,0.01511,0.0048442,0.0039066,0.0049954,0.0063408,0.0033019,0.022958,-0.00060019,0.0033832,0.0043769,0.020307,0.0076552,0.016554,0.0099092,0.01067,0.0066555,0.0065345,0.0070746,0.019279,0.011113,0.0052946,0.00068076,0.012484,0.0011747,0.02017,0.016623,0.0031553,-0.00060919,0.017071,0.005386,0.0039841,0.0021035,0.018915,0.0042425,-0.00035464,0.014348,-0.005828,0.012191,0.01027,0.010295,-0.0011191,0.0043645,0.0050888,0.0011038,0.0090216,0.012835,0.0043282,0.0027021,0.0084594,-0.0050313,0.0079387,0.013044,0.004034,0.0039818,0.0044892,0.0023678,0.0014112,0.0014814,0.012137,-0.0024271,0.0020175,0.0084415,0.013527,-0.00038542,-0.0041919,0.0036127,0.010655,-0.0048355,-0.0024182,-0.0027312,-0.0061581,-0.016735,0.0077007,0.0095705,-0.0027284,-3.431e-07,0.0056413,0.0054549,0.001205,0.0026885,-0.014756,0.011914,-0.00322,-0.015652,0.010605,-0.00035323,0.0045871,0.0012296,0.0012888,-0.0025729,0.0026052,0.00033363,0.0086004,0.0049046,-0.00037355,0.0036906,0.0053499,0.0051856,0.0070105,0.0091068,0.0048335,0.0036511,0.0073913,0.00016405,0.0055491,0.010251,0.012193,-0.0011888,0.0030432,0.001668,0.012932,0.011141,0.0090377,0.0090464,0.0027041,0.0044173,-0.0015557,0.011871,0.0039717,-0.016036,0.0058574,0.0068267,-0.0097512,0.011284,0.00032918,-0.006729,-0.0076596,0.0025296,-0.0026741,0.0074541,-0.0081077,-0.0079588,-0.00034183,-0.014393,-0.0088914,-0.0016322,0.0079939,-0.010932,0.0072107,0.009233
-0.001707,0.0011226,0.0022965,0.0018218,-0.0042245,0.0018879,-3.8779e-05,0.0014559,3.0227e-05,0.0046491,-0.0043907,-0.0015646,-0.0010443,-0.0012974,-0.0024803,0.0033556,0.00048336,0.0026056,0.0026963,-0.0028988,-0.013736,-0.00090847,0.0028628,0.0013867,0.00076565,0.0024686,0.0059654,0.0025404,0.00058588,0.0016536,8.3663e-05,0.0064025,-0.0018562,0.010154,0.00067362,0.0089165,-0.0031227,0.0010593,-0.00038235,0.0068288,-0.00019263,-9.7414e-05,-0.0034684,0.0039879,-0.00048754,0.0031533,0.0029274,-0.00068455,-0.0015355,0.0063796,-0.0026647,-0.0013451,0.0015678,-0.0071929,-0.00021612,0.00055281,-0.0021465,0.0040945,-0.0014582,-0.0012501,0.0012994,0.0005182,-0.00080745,0.0014133,-0.0031089,0.0029253,0.010213,0.0033895,0.0068578,-0.00016502,-0.0010231,0.0019102,0.0007592,0.0055413,-0.0043055,-0.0011086,0.0052371,0.011554,-0.0039386,-0.012185,0.00073122,-0.0067259,-0.0035248,-0.00056162,-0.00043256,0.0069927,0.0037307,-0.0040404,0.0042418,0.0058309,-0.00015168,0.0075641,0.0028319,0.0019288,0.0051847,0.0072708,0.0011173,-0.0020101,-0.0078817,0.0020953,0.0035783,-0.0016665,-0.0046666,0.0010234,-0.0071921,0.0020483,-0.002351,0.0045972,0.00031421,0.00058397,-0.0019512,0.0063946,-0.004322,0.0023167,-0.0059726,0.015222,0.006104,-0.0016472,0.0011915,-0.010378,8.0112e-05,0.0027916,0.0090086,-0.0011077,0.0066306,0.0015475,-0.0093515,0.0020645,0.0015713,-0.00083942,0.003211,0.00065583,0.00034161,0.0045753,0.001139,-0.0043984,-0.0054211,-0.003727,0.0031785,0.0093625,-9.2143e-05,0.0018165,-0.011782,-0.0021728,0.0047795,-0.002493,-4.6106e-05,0.0011993,0.0051386,-0.00081076,-0.0051571,0.0088098,-0.0015741,0.0082092,-0.0079686,-0.0021887,0.003797,0.00067735,-0.001288,0.0020518,-0.006788,-0.0014144,0.00082894,0.0017234,-0.00089006,0.00097882,0.0036989,-0.00091633,-0.0038789,-0.00023703,-0.00056326,-0.00065139,-0.0026199,-0.0027612,0.00060688,0.0021645,0.00074096,-0.0072828,-0.0023006,-0.0033843,-2.8418e-07,0.0055578,-0.0029617,-0.00081087,0.00062197,0.0049932,-0.0048369,0.0040887,0.0026075,0.0015668,-0.0010571,0.0048515,0.0006315,-0.0026463,-0.0029032,-0.0038073,0.0020697,-0.00063292,-0.0014817,0.0019917,0.0016115,0.0032742,-0.0011852,0.0034024,-0.0031876,-0.0054175,-6.9672e-06,-0.0047563,-0.0016893,0.0016215,0.0016082,-0.0012249,0.00061188,0.0034847,-0.0070178,0.006103,-0.013854,-0.0035847,0.00034189,0.013565,0.0010222,0.00080487,0.0044177,0.0030624,0.0012151,0.0058645,8.5124e-06,-0.0073042,0.0021866,-0.00017417,-0.0091244,0.0021601,-0.001133,0.0090919,0.0011943,0.0020961,-0.00097676,0.00012221,-0.0050505,0.0065697,0.012413,-0.0045819,0.0059723,0.0019837,0.00062338,-0.0074546,0.0013661,-0.0017638,0.00067497,-0.00018431,-0.0019861,0.0035526,-0.0045967,-0.0028334,-0.0036097,0.0019213,-0.000905,0.0023854,-0.0014702,-0.0037149,-0.0014288,5.8167e-05,0.001638,-0.00019901,-0.0030897,-0.0023827,0.00027614,0.0011512,0.0023425,0.00010333,0.0005823,-0.0013516,-0.015243,-0.0034807,0.0010714,-6.7932e-05,-0.0043775,-0.0019988,-0.0033012,-0.0020135,-0.00076344,-0.008072,0.005744,0.0039854,-0.0063182,-0.00021739,0.014666,-0.0004106,-0.0024451,0.0028604,-0.0015223,-0.0019236
-0.0025003,-0.0049862,-0.0025161,-0.0094539,0.0051492,-0.0084657,0.0019374,-0.0033891,0.0097818,0.00045042,0.011701,-0.00015248,0.0065629,-0.00030685,0.0028704,-0.0052275,0.0061909,-0.0027141,0.0096286,-0.0034515,-0.0072384,-0.0017206,0.0010911,-0.00070446,-0.0068803,0.00030096,-0.0036274,0.0041325,-0.0041539,-0.003497,-0.001953,0.011967,0.0048082,-0.0081293,0.0021728,0.0064095,0.0054194,-0.0033301,0.0024829,-0.0089446,-0.0026678,-0.0048323,-0.0072949,0.0017,-0.00059409,-0.0097149,0.0039278,-0.0016227,-0.011424,0.01652,-0.0030588,-0.0042923,0.0077891,0.0036506,0.0022651,-0.00059981,0.0037209,0.01066,-0.0012013,-0.0010587,-0.0055056,-0.00076743,5.8916e-05,0.0036872,-0.0024831,-0.00024523,0.003425,0.0027884,-0.0018868,0.0035812,0.0014389,-0.0016054,0.00025805,0.0063862,-0.0053013,0.0028423,-0.0013008,0.00045843,-0.00019433,0.0052006,0.0015283,0.0057128,-0.0048195,-0.0019555,-0.0073146,0.0018285,0.0087075,-0.0022678,0.009318,0.0098791,0.0067823,0.0061861,0.011504,0.00081673,0.0037483,0.0037741,-0.005731,0.0015511,-0.0067114,0.0028046,0.0026029,-0.002086,0.0018208,0.00060274,0.012938,-0.0031857,-0.0010292,-0.0054352,0.0057176,-0.0060229,0.0017871,-0.0077923,-0.0059121,0.014986,0.0036739,0.0082357,-0.0046831,-0.00098033,-0.0055199,-0.00067586,-0.00447,-0.0022732,0.0049214,0.00058462,-0.0049568,0.0011972,0.0047094,-0.0012848,0.0022655,0.0025087,-0.0037541,0.013625,0.003372,7.4434e-05,0.0021863,0.00094267,-0.00048735,-0.0088705,0.0017919,-0.0028574,-0.0019665,0.00059276,-0.0050902,-0.0041845,-0.0029882,-0.006654,-0.0022882,-0.005631,0.0047601,-0.0050345,0.0034344,-0.0081016,-0.0048316,-0.0035895,0.0017117,0.0011172,0.0057504,-0.0031579,-0.0020578,-0.00037266,0.0099093,-0.0041835,-0.0055709,-0.0042172,-0.0015639,-0.010625,0.0030542,-0.0067777,0.0063703,-0.0049782,-0.0037919,-0.0083789,0.0060952,-0.0025972,-0.00011431,-0.0030252,-0.0019571,-0.006473,0.0082325,0.00045473,-0.0033565,-0.0079561,0.0084372,-0.002123,0.003218,-0.00027991,5.4489e-05,-9.2599e-05,0.011076,-0.0040548,-0.010146,-0.004477,-0.0065774,-0.011366,0.0051445,0.0018255,0.0018123,-0.0034511,0.0068672,-0.003614,-0.012459,0.0028588,0.0063424,-0.0098037,0.0027879,0.0061101,0.0084511,-0.00032844,0.0042584,4.6626e-05,0.0024834,0.0040772,0.00023961,-0.0039136,0.00091232,0.0026844,0.0079491,-8.2274e-05,-0.0031334,0.006996,0.0087102,0.0037548,0.00046908,0.0078362,0.007449,-0.0044902,-0.0011746,-0.0012431,0.0032964,0.0023918,0.00079668,0.0083449,0.00081915,-0.0021412,0.0021633,0.014427,-0.0096843,0.0032221,0.00016997,-0.0042478,0.0081745,-0.0020149,0.0088726,-0.0026238,0.0013801,-0.0031261,0.0034918,-0.0011609,-0.0062711,-0.0053998,-0.008975,-0.0070807,0.00014246,0.0063332,-0.0020361,0.0042641,-0.0036806,0.0010673,0.00040632,0.0053921,-0.00043394,0.00041812,-0.00049027,0.0015565,-0.00081333,0.00082477,-0.00065794,0.0024837,0.0048346,-0.01132,0.0036269,0.0094232,-0.0023706,0.0033844,0.0083607,-0.0050511,0.0028147,0.0046108,-0.0031685,-0.0019262,-0.0040052,-0.0054573,0.0070242,0.004872,0.011379,0.008351,0.0087957,-0.0009006,-0.0047925,0.01066,0.0026924,-0.00012145
0.0018593,-0.0039821,-0.00080312,-0.0020967,-8.9136e-06,0.0019786,-0.00016989,0.005139,0.0065212,0.0053389,0.002395,0.0060489,0.0016893,0.0027176,0.0024746,-0.00036462,-0.00055925,0.0060977,-0.0032143,0.0031152,-0.00096236,-0.00041681,-0.004436,0.0027007,0.0014173,0.0026041,-0.0035064,-0.0056484,8.5964e-05,-0.0041409,-0.0020141,-0.0025708,0.00040782,-0.0040803,0.0042424,-0.0014717,0.002846,0.0037964,0.00039342,0.00074426,-0.0010586,0.0041635,-0.00078071,0.0037925,0.0018384,0.00042351,0.0017597,0.0019478,0.001835,0.00094049,-0.0014433,0.0050604,-0.0061141,0.0031452,0.0019379,0.0031616,-0.0017615,-4.1458e-05,0.0025053,0.0037963,0.00067409,0.0034839,0.0014354,0.0025684,-0.0001273,-0.001623,-0.0082122,0.0040385,-0.0036042,0.00097317,0.00084318,-0.0010843,-0.0047966,-0.0094527,0.00031542,-0.0030535,-0.010777,-0.0020753,-0.0010701,0.0056167,0.0009292,-0.0058712,-0.0055274,-0.00055052,-0.00018373,-0.00083331,-0.0023206,0.0054373,-0.00343,-0.0025236,-0.0037598,-0.0013294,-0.0027267,0.0050054,-0.0039981,-0.00087845,-0.0013441,0.0010906,0.0006906,-0.0014771,0.00096499,0.0011296,0.0015817,0.0023091,0.0047439,0.0045288,0.0027674,-0.0014027,-0.00051951,0.00046362,0.0015755,-0.0031599,-0.0034384,-0.0039464,0.0050975,-0.0019315,-0.0046404,9.8951e-05,0.002178,0.0020721,0.0010564,0.0052006,0.0012134,0.00086414,0.0040845,0.00034177,-0.0096389,0.0045245,-0.00092381,0.0040889,5.3005e-06,-0.0026409,-0.00028875,0.0036666,-0.00030947,0.00049443,0.0017023,-0.00511,-0.0023696,-0.00059938,0.0012731,-0.00047313,0.0044423,0.009552,-0.00061809,0.0012316,-0.00080074,0.00163,-0.00021051,0.0028153,0.0048662,0.00015059,0.00036663,0.0037097,0.00070749,0.0072876,-0.0028807,-0.0033531,-0.00023338,0.00017488,-0.00036949,0.0040074,-0.00043835,0.00061207,-0.0022975,-0.00011825,-0.0030535,0.00057462,0.00056158,0.00019838,-0.0026048,0.001537,-0.0014809,0.0031008,-0.0027159,0.0045115,-0.013655,-0.005363,-0.0035943,0.0063789,-0.0017584,0.00036981,-0.00089613,0.0032435,-0.0055746,-0.0017588,0.0014606,-0.0015382,-0.0035877,0.0044384,-0.0025861,-0.0071807,0.0034526,-0.0070538,-0.0010241,0.0054064,-0.0013399,0.0015716,0.0013415,-0.00023974,-0.003983,-0.0047753,-0.00060041,-0.0010856,-0.001591,0.0037159,-0.0013726,0.0045643,-6.7029e-05,0.0050448,-0.00054442,-0.0012289,-0.0020158,0.00041712,0.00063362,0.0011309,-0.0027117,0.0037025,0.0016974,0.0092422,-0.0013211,0.002963,-0.0047475,0.0023118,-0.002338,-0.0068607,0.0011656,0.0037597,-0.0029558,0.0053293,0.00044331,0.0014353,-0.0068801,0.00995,-0.0038579,-0.00092446,-0.0012478,-0.0051992,0.0050167,-0.0010637,-0.0058441,0.0086755,0.005749,0.0042784,-0.0034232,0.0012074,-0.00044649,0.0047598,0.0011348,-0.0012697,-0.0019032,-0.0023022,-0.00032769,0.003436,-0.0011688,-0.0015072,0.00037421,0.0021454,0.0012827,-0.0010442,0.00030966,0.0015286,0.002484,-0.0042732,-0.0018479,0.0010094,0.0016235,0.0067769,-0.00081084,0.010165,0.00072602,-0.00076591,0.0033453,-0.00093748,-0.0080616,0.0089677,-0.0004918,0.0008267,-0.0020946,-0.0044564,-0.0030079,0.0034511,-0.0071845,-0.0037983,-0.0020778,0.0015008,0.001576,0.016963,0.0013353,-0.007173,0.00078742,0.0030895
-0.0011233,0.0031806,0.0017989,0.0086562,0.0034261,0.0048418,0.0050757,0.0066312,-0.00018039,0.0047743,0.0006387,0.00023205,-0.0027742,-0.00021925,0.0024518,0.0077226,-0.0012038,0.0030682,0.002046,0.0025609,-0.0025228,-0.00035991,0.0010944,0.0047358,0.0074111,-0.002472,0.0030726,-0.00033188,-0.001049,-0.0002532,-0.0025226,-0.00019614,-0.0010496,0.01044,0.0012156,-0.0028225,0.0023277,-0.0011396,0.0049377,0.010182,0.0098597,0.005493,0.0099835,0.0020792,0.0056051,0.006402,0.0049898,0.0062574,0.0066805,-0.0055112,0.008971,0.007013,0.0011012,0.0060786,0.0066262,0.0040344,0.001754,-0.0014528,0.0090291,0.0053614,0.0084589,-0.0014677,0.0087004,-0.0028268,0.0081983,0.00034849,0.0029003,0.00032297,0.0019028,-0.0010793,-0.002315,0.0011959,0.0080505,0.0017927,0.00056664,0.00065791,5.8196e-05,-0.0025826,-0.0032959,-0.0015448,-0.002919,-0.00095253,0.010964,0.0050456,0.0091085,0.002758,-0.001372,0.0081917,-0.0022869,-0.0020067,-0.0011149,-0.0038909,0.0023375,-0.00087878,-0.0051042,-0.0014142,0.0048879,0.0005219,0.0079006,-0.0079962,-0.0031721,0.00061206,0.0038073,0.0039246,-0.0010046,0.00062105,0.0032789,0.014045,-0.00028886,0.009406,0.0064905,0.0083606,0.013872,-0.00067021,-0.00039577,-0.0040735,-0.0027434,-0.0013684,0.0084319,-0.0030087,0.011781,0.0031411,-5.8327e-05,0.0015118,0.0031262,0.0083179,-0.0017732,0.0081023,0.0041678,-0.0030869,-0.00126,-0.00098065,-0.0042003,0.0048808,-0.0012805,-0.0036964,0.0042612,-0.0051466,-0.0042091,0.0008967,0.0056385,0.00074285,-0.0027735,0.0071197,0.0054305,0.0058385,0.0077519,0.0082208,-0.00047898,0.0014468,0.00442,0.0018131,0.0088097,0.0023327,0.0097155,0.0048584,0.0048436,0.0048481,0.0092946,0.00020801,0.001387,0.0023859,0.013523,0.0061334,0.010986,0.0083753,0.0078373,0.0059585,0.0058445,0.0047742,0.012375,0.0092469,0.0047957,8.2465e-05,0.010097,0.0012319,0.013912,0.0061066,0.0031463,-0.0010672,0.011333,0.0044709,0.0029328,0.0013642,0.0032299,0.0016928,0.00092511,0.0027908,-0.0016546,0.0096415,-0.00057872,0.003037,0.0014797,0.002795,0.0054472,0.0011079,0.0057348,0.0096902,0.0023976,0.0016192,-0.00044365,-0.0013195,0.0033258,0.0090151,0.0040269,0.0016498,0.0032815,0.0018621,0.00091114,0.0009592,0.0087798,-0.0028901,0.00065112,0.0064964,0.0043427,-0.004764,-0.0012541,0.00034829,0.0012708,-0.0023659,-0.0017734,-0.0037678,-0.0060103,-0.0063666,0.0044717,0.0060935,-6.311e-05,0.00068709,0.0032887,0.004166,-1.2924e-05,-0.00082202,-0.0089113,-0.0020624,-0.0061785,-0.0088082,0.0032845,-0.0001859,0.0023517,0.0025164,0.0055493,-0.00021466,0.0036022,0.0016841,0.0078097,0.0042464,-0.0001817,0.0030152,0.0034785,0.0027374,0.002164,0.0031169,0.0046712,0.00031688,0.0039396,-0.0016541,0.0026263,0.0064826,0.0086146,-0.0013184,0.0021551,0.00078368,0.0072163,0.007692,0.0073123,0.0069893,0.0015875,0.0032755,-0.00051014,0.0066952,-0.0076737,-0.0078572,-0.00043474,-0.00030054,-0.00089356,0.0045713,-0.0068901,0.0020511,-0.0021645,-0.0034753,0.0027847,-0.00049805,-0.0054406,-0.0015066,-0.0066834,0.0020928,0.00027647,-1.6557e-05,0.0050431,-0.0043556,0.0058586,0.0059518
-0.0027038,0.0009676,-0.0019642,0.0019923,-0.0020474,0.003167,0.00056715,0.0019948,-0.0013893,-0.0025012,-0.0016339,-0.0027893,0.00064453,0.00050531,-0.0039715,0.0009538,7.3647e-05,0.00087495,-0.0016844,0.00051727,0.00038138,0.00088241,0.0031613,-0.0027894,0.0010105,0.0034541,-0.00043369,0.0012394,0.0016733,0.00086214,-0.0006335,0.00029812,-0.0043217,0.0072259,0.004378,0.0039547,-0.00087937,0.00080342,-0.0025059,0.0055173,-0.00067235,0.002424,-0.0021534,0.0019011,-0.0039189,0.002616,-0.0017814,-0.0012951,-0.00055772,0.0033701,0.0026234,0.0015272,-0.00061233,0.00073354,-0.0012025,-0.0003678,0.00077712,0.0016974,-0.001802,0.00018365,0.00023592,0.0021565,2.7652e-05,0.0039706,-0.001879,0.0037814,0.0045884,-0.00032261,0.0013799,-0.00011382,0.0017576,-0.00033767,-6.3619e-05,0.0071322,-0.00067082,0.00037515,0.003773,-0.0089202,-0.0007216,0.00021592,-0.0055274,-0.0015665,-0.00023874,0.004767,-0.00058938,0.0058437,-0.0020573,-0.0042021,0.0029163,4.0757e-05,0.0011102,0.0012633,-0.00064927,-0.0038001,0.0024314,-0.005246,-0.00037505,-0.00066102,0.0040919,-0.0029533,0.0013655,-0.0012709,-0.0028036,0.0014609,-0.0032635,-0.0016757,-0.0035388,0.0037189,-0.0061541,0.003562,-0.0019629,0.003796,-0.003388,0.0031126,-0.0025466,-0.0015559,-0.0023592,-0.0045547,-0.001352,0.0015879,0.0050069,0.0040863,-0.00058303,-0.00060453,-0.0016921,0.0023777,-0.013299,4.6193e-05,-0.0019943,-0.00031535,0.0004015,1.3798e-05,-0.004134,0.0017204,-0.00010215,0.00071308,0.0023431,-0.0039556,0.0022963,0.00075611,0.00084871,-0.00024166,0.0030461,-0.008481,-0.00011808,0.00011043,-0.0025671,-0.0011407,-0.00066559,-6.4453e-05,-0.0035625,0.0045436,0.00043413,0.0057546,-0.00043958,0.0012994,-0.0017652,0.0036445,0.0015954,0.0039483,-0.0035982,-0.0010399,-7.4326e-05,0.0037376,-0.0014894,0.0020505,-0.00010855,0.0020099,-0.0034923,0.0019144,-0.0015361,-0.00052217,-0.0027829,-0.00044577,0.00042135,0.0029648,-0.0065644,0.007786,-0.00064709,-1.3638e-05,-0.0019127,0.0041456,-0.0031492,-0.0010395,0.0029277,0.0020723,-0.0042405,0.00049346,-0.0014578,-0.0032908,-0.0023248,0.0030616,-0.0008649,0.0036751,-0.0028615,-0.00090389,-0.00044714,0.001863,0.00014692,0.0008614,0.0011194,-0.00071291,-0.0039305,0.0040319,-0.0010947,0.0017503,-0.00023485,0.00079201,-0.0013266,0.0012457,0.00062544,0.0061008,-0.0024127,0.0020313,-0.0025063,0.0027212,-0.0093182,-0.0027279,0.0022142,0.010375,-0.00013527,0.0016591,0.004363,-0.00090098,-0.0027155,0.0066321,-0.00069902,-0.0041742,-0.00023064,0.0028774,-0.00030777,-0.00010706,-0.0047367,-0.004391,0.0026972,-0.002031,0.0005411,0.0019205,-0.0033691,0.0030409,-0.002449,0.0012123,-0.0010709,-0.0037053,-0.00053571,9.7071e-05,-0.00085656,-0.00048609,-0.0012693,0.0015886,-0.0025949,0.00086608,0.00052658,0.00064376,-0.00042096,0.0020814,-0.0027595,0.0029484,0.00030087,0.00057243,-0.00070296,0.0010835,-0.0047118,0.0022629,0.00038836,0.00072648,-0.00036792,-0.0015581,-0.0019743,-0.0016867,0.0068682,-0.00041393,-0.0014045,0.0025733,-0.0021142,-0.0026748,-0.00090394,-0.0042218,-0.00061143,-0.002574,-0.00015342,0.0019268,0.002352,-0.0026899,0.002501,-0.0011858,-0.0028723,-0.0043943,0.0020404,-0.0018336,-0.0014076,0.00098193
0.00099116,-0.001485,-0.00078609,-0.0064424,0.0025369,-0.0051818,-0.00056306,-0.0030866,0.0038941,0.00041899,0.00719,-1.6627e-05,0.0040581,-0.00038898,0.001569,-0.00088832,0.0031135,-0.0020825,0.0063067,-0.0030173,-0.0064921,0.0012912,-0.002317,-0.0064339,-0.0036332,0.0011621,0.0014723,-8.7092e-05,0.0034457,0.00045998,0.0010798,0.0029936,0.004008,-0.002223,-0.0054843,0.010616,0.0028837,-0.0018072,0.0024132,-0.0049879,-0.0022587,-0.0041206,-0.0052061,0.00095152,0.0032879,-0.0027072,0.002629,-0.0010018,-0.0045395,0.0079998,-0.0015574,-0.0024356,0.0050713,0.0005761,0.0011776,-0.00036834,0.0025355,0.0073424,-0.0011348,1.2926e-05,-0.0050378,9.8666e-06,-0.00030723,0.0029552,-0.00086138,-1.1467e-05,-0.0015657,-0.0030969,-0.0022263,-0.00064545,0.00097338,-0.00157,0.00095041,0.0040112,-0.00056306,0.002136,0.00048351,-0.00093674,-0.0013361,0.00049804,0.0028519,-0.0012549,-0.0024379,-0.0005787,-0.0011315,0.00082274,-0.0016216,-0.00030794,0.0080835,0.0041161,0.0015516,-0.00027924,0.0019981,0.00085269,-0.00012808,0.0019019,-0.0051177,-0.00022507,-0.0021468,0.0032575,0.0013848,-0.0010256,-4.2457e-05,0.0015708,0.0072286,-0.0013962,0.0064416,-0.0040478,0.0062599,-0.0013394,0.0044038,-0.0035632,-0.00042811,0.0043616,-0.0012165,0.014649,-0.0020987,-0.0028601,-0.0074691,0.0029032,-0.0021882,0.00018088,-0.00064833,0.0014158,-0.0058235,0.0007011,0.0052961,-0.002293,-0.0026813,0.003296,-0.0012665,0.0022483,-0.001601,-0.0026063,0.0030732,0.0048262,0.0099113,-0.0037964,0.0075016,-0.0024411,0.0062441,-0.00069721,-0.003583,-0.0059441,-0.0035152,-0.0050373,-0.0086546,-0.0029673,0.00076253,-0.0015052,0.0034634,-0.00093122,-0.0035409,-0.00079254,-0.0026844,-0.0027281,0.0053808,-0.0036997,0.0040376,-0.001038,0.0063947,-0.0017667,-0.0032869,-0.0030567,-0.00039363,-0.008418,0.0016808,-0.0058727,0.0037243,-0.0034587,-0.0014485,-0.0060459,0.0030887,-0.0018879,-0.0017279,-0.0026204,-0.0056378,-0.0066725,0.0043148,0.00026158,-0.0011792,-0.0059121,0.005172,-0.0014739,0.0092053,0.0017498,-0.003679,0.0039297,0.0024848,-0.0024137,-0.00060389,-0.00063517,-0.0017014,-0.0003779,0.0028138,0.0011824,0.0015331,-0.0021232,0.0047825,-0.0017857,-0.0017231,-0.0025067,0.0057254,-0.0058818,0.00047898,0.0038942,0.0052411,-0.00010064,0.0017882,-8.8324e-06,0.0015128,0.0024577,-0.0002808,-0.003393,0.0030572,0.0044657,0.0035323,0.00070373,-0.0027944,0.0063039,0.0041206,0.0022116,0.0015422,0.0011382,0.0056688,-0.0029372,-0.0010513,-0.00050949,0.0010903,0.0012826,-0.00062502,0.0057154,-0.003666,-0.0014313,0.0033715,0.0056609,-0.0014422,0.00052074,0.00074422,-0.0019253,0.0012246,-0.00095548,0.0059883,-0.0036402,0.00032666,-0.0035722,0.0013878,-0.0010297,-0.0032998,-0.0026449,-0.0035722,-0.0037302,-0.0019422,0.0039058,-0.00098388,0.0030037,-0.0038047,0.0012011,0.00074018,0.0043295,-0.00098548,0.0003743,0.0016666,0.0018429,-0.0024657,0.00051578,-0.0026287,0.0026755,-0.0019538,-0.0030321,0.0026254,-0.00094891,0.00044683,-0.00072987,-0.0003878,0.00018467,-0.00028293,-0.0035524,0.0016418,-0.0024004,-0.0009299,0.0014005,0.0034079,-0.00060845,-0.0010638,-0.0043119,0.0022845,0.0039572,-0.00091267,0.0035817,0.00042199,0.00074696
0.00093915,0.00048003,0.0021217,-0.0019965,0.0027167,0.0017401,-0.00106,0.0018555,-0.0011502,0.0057839,-0.00011728,0.0047806,5.302e-06,0.00092965,0.0026073,0.00068009,-0.00024093,0.0031243,0.00098669,0.00197,0.0025667,-0.0072074,-0.0015087,0.0027531,8.0503e-05,0.00031453,-0.0013481,0.001338,-0.00032322,0.00052607,-0.0019873,5.3716e-06,0.0014446,-0.0025072,0.00058428,-0.00096383,0.0010469,0.0023568,0.0016538,0.00092282,-0.00036372,0.00036096,-0.0036486,0.0016088,0.0024383,0.001001,-8.9379e-05,0.001355,-0.00097129,0.0014239,-0.00062111,-0.00073784,-0.0020676,0.00072614,-0.0011249,-0.00011024,-0.0040637,0.00023363,0.00094377,0.0010234,0.001808,0.00046253,-0.00039465,3.6383e-05,-8.7261e-05,-0.00105,-0.0010036,-0.00017678,0.00058498,-0.0014184,-0.0011769,0.00035526,-0.0047485,-0.0012399,-0.0013954,-0.00044724,0.0037693,0.0018118,0.00063732,-0.0019999,0.0018799,0.0025229,-0.00064382,-0.0001689,-0.0011595,-0.0018284,0.00065249,0.0023691,-0.0041121,-0.0002195,-0.0010112,0.0011276,0.00071939,0.0023142,0.0018217,0.0055111,-0.0013698,-0.00028343,-0.00031178,-0.0021282,0.0006127,0.00049312,0.00032712,0.00043637,0.0011379,0.0047583,0.0014366,-0.00059236,0.0050435,0.0026558,-0.00038278,-0.0024759,-0.0031151,-0.00092686,-0.0049343,0.00051095,0.0049462,-0.0062354,0.0023509,-0.0047867,0.0028804,-0.0032326,-0.0012209,0.00017853,0.0025346,0.0016596,0.0049293,0.0011036,0.0021758,-0.00029991,-0.0035217,0.0010776,-0.0019419,0.0005031,-0.0020881,-1.9534e-05,0.0053298,0.00036342,0.00016194,0.00072649,-0.0014149,0.0010378,-0.0089743,-0.0053595,0.0029786,0.00038229,0.0021868,0.0014308,-0.00062445,-0.0010466,0.0023096,0.0018386,0.0013488,0.00074995,-0.00021632,0.00065443,0.0016452,-0.0019373,-0.001124,-0.00093177,-2.8824e-06,0.0034751,6.6656e-05,-0.0013056,-0.00068577,-0.00073374,0.00030258,0.00010156,0.0015085,-0.00042237,-0.0032737,0.00056909,-6.3819e-05,0.0016851,-0.00085354,0.001834,-0.001437,0.00018599,-0.001831,0.0037709,-0.00078152,0.00046763,-0.00014273,0.0038531,-0.0045466,0.0015754,-0.00066301,0.00022192,0.00035116,0.0061733,0.0008504,-0.0038152,0.0039132,-0.0002392,-0.0020872,0.0039372,-9.8399e-05,-0.00087023,0.0035011,0.00054423,-0.00022047,-0.0011547,0.0026463,-0.0008909,-0.00026983,0.0016961,-0.00085062,0.0025991,-0.00062011,0.0016562,0.00077544,0.00042552,0.00053483,-0.00090644,-0.00143,0.0021919,-0.0018399,0.0065134,-0.00053395,-0.0013027,-5.133e-05,0.0032248,-0.002063,-0.0036738,0.0014695,-0.0050955,-0.00052985,0.0020373,-0.0022818,0.00020362,-0.0049264,-0.0020734,-0.0003235,-0.0051649,-0.0015513,0.0012326,-0.00031105,-0.0027659,0.0010554,0.0012367,0.0038842,0.0033652,0.00076629,0.0040458,-0.00056857,0.0009939,0.00054637,0.0021215,0.0021006,-0.0023417,0.00019875,-0.0039965,-0.0020621,-0.00092366,-0.0021259,-0.00072673,0.00072902,-0.00022122,-0.00041634,-0.0031172,4.0246e-05,-0.00019549,0.00059496,-0.0033895,-0.0030163,0.0010539,0.00028067,0.0025265,0.0024939,0.0017231,-0.0016823,0.0017002,-0.00028432,-0.0013635,-0.0016409,0.0028405,0.0047193,0.0022506,0.0014922,-9.7393e-05,0.0033753,-0.0015097,-0.0019817,0.0040353,0.00084084,-0.00017815,0.0021538,-0.0046804,-0.0037966,-0.00046219,0.0010591,0.00053184
-0.0012147,-0.00019278,0.00078554,0.0052765,0.0017911,0.002742,0.003922,0.005726,0.0010132,0.0053002,0.00089245,0.00030764,-0.0021272,-0.00017795,0.002138,0.003157,-0.0010849,0.0023536,0.0012631,0.0021721,0.00060968,-0.00053441,0.0029478,0.0060708,0.0015113,-0.000806,-0.00039277,-4.4902e-05,-0.0041209,-0.0020707,-0.0027131,0.0038241,-0.001381,0.0032066,0.0036852,-0.0014349,0.0016485,-0.0012239,0.0021023,0.0054473,0.0060075,0.0041594,0.005021,0.0011805,0.00077851,7.019e-05,0.0039854,0.003612,0.00078735,0.00020133,0.0054717,0.0042529,-0.00083888,0.0039618,0.0048033,0.0021596,0.00090297,-0.00058148,0.0056575,0.0035613,0.005548,-0.0014167,0.0054698,-0.0020443,0.0041811,-0.00054768,0.0040339,0.0021857,0.0017841,0.0010375,-0.00081262,0.002082,0.0043096,0.00051315,-0.00064002,0.00065021,0.00045734,0.00068057,-0.0024598,-0.0021634,-0.0022679,-0.0054251,0.0034497,0.0026886,0.0019987,0.0028254,0.0034031,0.0017524,-0.0015707,0.0011791,0.0029062,-0.00077369,0.0056421,-0.0028134,0.0042741,-0.0027547,0.0039374,0.00026162,0.0035556,-0.0038319,-0.0021692,0.0009514,0.0025177,0.0020228,0.00066429,0.00031802,-0.0019936,0.003976,0.00060847,0.0025797,0.0026348,0.0032765,0.00036887,0.0019369,0.0051292,-0.0024675,0.0001051,-0.00073095,0.0047372,-0.0049707,0.0068472,0.0030001,0.0022599,-0.0024594,0.00051027,0.0048346,-0.00069521,-0.0023497,0.0033799,-0.0042317,-0.0033047,0.0047136,-0.0030761,-0.00091257,-0.0034006,-0.0037494,-0.0018768,-0.00010856,-0.0062756,0.00023687,-0.0010887,0.0015616,-0.0020064,0.0024804,0.0027292,0.0028129,0.0064562,0.0015259,-0.00092381,-0.0021704,0.002467,-0.0028713,0.0050184,0.00044905,0.0053495,0.0061324,0.0015965,0.0029256,0.0014681,0.00094573,0.0018868,0.00092659,0.0078193,0.0043152,0.006335,0.005947,0.0051999,0.0048249,0.003905,0.003205,0.0067862,0.0059579,0.0037368,5.6573e-05,0.0079089,0.0009295,0.0041416,0.0066725,0.002986,-0.00045409,0.0061259,0.0020447,0.002271,0.00084382,-0.0022063,-0.00064374,0.0038283,-0.00084687,0.0021793,0.0035306,-0.0042812,-0.0019578,0.0012651,0.0011849,0.0043861,0.00025746,0.0032666,0.0059966,0.0015416,0.0016599,-0.0028554,0.00095784,0.0011479,0.004666,0.0018595,0.00093365,0.0022411,0.0010845,0.00060238,0.00059062,0.0044979,-0.0020565,-0.00011404,0.0044423,0.0009359,-0.0044394,-0.00020652,0.00085616,-0.0019676,0.00044934,-0.001557,-0.0011327,-0.0018672,-0.0011192,0.0031625,0.003844,0.0011819,5.7634e-05,0.0016245,0.0028909,-0.0012314,-2.8022e-06,-0.00182,-0.0074165,-0.0043319,-0.0020141,-0.0013715,0.00077358,-0.00066075,3.5949e-05,0.0054222,-0.0023785,0.00097659,0.00023501,0.0056636,0.0034082,-0.00017515,0.0021805,0.0016388,0.00048921,-0.00011029,-0.00099945,0.0019661,0.0011164,0.0016387,-0.0015769,0.00072804,0.0033767,0.005026,-0.00072861,0.0012591,0.00041999,0.0036293,0.0032646,0.0051287,0.00509,0.00163,0.0021594,-0.00012194,0.0038434,0.001746,-0.00026449,0.00013835,0.0027612,-0.0015048,-0.0016311,0.0016457,0.0011057,-0.00011762,-0.003243,-0.0012555,-0.002605,-0.0011798,0.00020713,0.0036862,-0.0011282,-0.00091907,-0.00049926,0.0027719,0.0021688,0.0041391,0.0037961
-0.00020945,-0.00027548,-0.0022684,0.00034298,-0.00056875,0.0019767,0.00036976,0.0027563,0.0012222,0.0017426,0.000162,-0.0011333,0.00056095,0.00066837,-0.0029448,0.0001203,-0.00048428,0.00024342,-0.0020219,0.00073346,-0.00087997,-0.0023925,0.00039971,-8.7979e-05,0.0013313,0.002187,-0.00096034,0.00030137,0.0016775,-0.00075637,-0.0017053,-0.0013473,-0.0033037,0.0029555,0.0052168,0.0012821,0.0003034,0.0012185,-0.002522,0.0035514,-0.0011497,0.0034824,0.0012297,0.0033762,-0.0019134,0.0020522,-0.0028152,0.0013193,-0.00049733,0.0011519,-0.0019742,0.003896,-0.0031522,0.0017968,-0.0032005,0.003511,0.00016067,0.00066413,-0.0011043,0.0015536,-0.00043549,0.0020806,0.00034766,0.0039236,-0.00028567,0.0022457,0.00028986,0.0028511,-0.0010362,0.0024413,0.00028665,-0.00032575,0.00044219,0.00045836,-0.0013198,-0.00056822,0.00068277,0.00039083,0.0019362,-0.0022363,0.0014993,-0.0027937,0.0012659,0.00033078,-0.00045214,0.0030602,-0.0017857,-0.00032035,-0.00041878,-0.00080892,-0.00063958,-8.8475e-05,-0.0013469,0.0016167,-0.0014063,-0.0047526,7.8987e-05,0.0010857,0.0031241,0.0053548,6.2016e-05,-0.0010397,-0.0017343,0.0015146,-0.00052202,-0.00082897,-0.0035644,0.0031422,-0.0049843,-0.0025229,-0.0017891,0.004069,-0.0012918,-0.0008544,0.0008739,0.00067143,0.0029046,0.0050291,0.0019151,0.0037569,-0.00036056,0.0018028,-0.0034579,0.00084651,-0.0061553,0.0028402,0.0037546,-0.0064308,-0.00098658,0.0029184,0.0017863,0.0021705,-0.0015935,-0.001598,0.0021921,-0.00078236,0.0035854,-0.00069054,0.0012449,-0.0010775,-0.00028243,-0.00024604,0.00095916,0.0048171,-0.0030458,0.0012861,-0.0015876,-0.00083015,0.00057532,0.001126,0.00029391,0.0021579,0.00058858,0.0025181,-0.0013464,0.0038842,-0.0030997,-8.164e-05,0.00062449,0.0021194,-0.0021838,-0.00014271,-0.00043117,0.0036269,-0.0011637,0.0019245,-0.00094499,0.0010737,-0.0027371,0.0021314,-0.0010103,0.0016437,-0.0022176,0.00090691,-0.00039439,0.0028973,-0.0027853,0.0012478,-0.0004967,-0.00029538,-0.0012186,0.0041718,-0.0015358,-0.0010237,0.001381,-0.00082248,-0.00010237,-0.00029016,-0.0026915,-0.00060872,3.7377e-05,-0.0012079,-0.0025545,0.002534,-0.00033657,0.0017935,-0.0031715,0.0026178,0.00018056,0.00014782,-0.0011036,-0.0029213,-0.0048471,0.0030836,0.00045034,0.00025113,-0.00037015,0.0021482,-0.00057153,0.00056799,0.0038551,0.0049024,-0.0029234,0.00055154,0.00049885,0.0017011,-0.0030476,-0.0037338,0.0010356,0.0018361,0.0022853,-0.001585,-0.0013388,-0.0023127,-0.007206,0.0020266,0.00049331,-0.00095879,-0.0014083,0.0027045,0.00071946,0.001321,0.00096326,-0.0059136,0.00034568,-0.0018101,0.0002892,0.00095145,3.7509e-05,-0.0013415,-0.0013306,0.0019977,-0.0012853,-0.00082747,0.00022192,0.0020665,-0.0016532,-0.0002347,-0.0021657,0.001217,-0.0021563,-0.00034396,0.00049597,0.0018915,0.00088684,0.00090572,-0.0026238,0.0021421,0.00053991,0.0019362,-0.00034019,0.0010625,-0.0030168,0.0030317,-0.0020977,-0.0001267,-0.0022645,-0.00090616,0.00018147,-0.0018341,0.00077398,-0.0023804,-0.0025233,0.00014349,-0.0027845,7.5386e-05,-0.0045628,0.00061123,0.0009266,-0.00059523,-0.00049672,-0.0030768,0.0010038,-0.0011087,-0.0011781,0.0022584,0.00076708,0.00051057,0.0044224,0.0050146,-0.0020428,0.0012701
0.0008942,0.00026075,0.00011896,-0.0033659,0.00091458,-0.0018258,-0.0011482,-0.0028552,0.0025578,-0.0012934,0.004805,-0.00025281,0.0030481,-0.0004336,-0.00013687,0.0014777,0.0015394,-0.0016341,0.0048282,-0.0023602,-0.00072208,-0.00089533,-0.00265,-0.0043623,-0.00038588,0.00052598,0.00099034,-0.0011001,0.0043069,0.0021279,-0.00038071,-0.0019205,0.0010616,0.0020799,-0.005759,0.0058305,0.0015034,-0.0011733,0.0017675,-0.0013862,-0.00075124,-0.0029571,-0.0021799,-3.9013e-05,0.0040703,0.0021379,0.0010441,-0.00067082,-0.0021191,0.0012454,-0.00098803,-0.0015026,0.0029855,0.00070462,0.00024682,-0.00012987,0.0014315,0.0043393,-8.5757e-05,0.00067296,-0.0035636,0.00051467,0.00028048,0.0018914,0.0002983,0.00016056,-0.0022353,-0.0017062,-0.0015301,-0.00097374,6.8068e-05,-0.0022382,0.0016663,0.0027274,-9.4662e-05,-0.00011743,-0.00038024,-0.0011963,-0.00028231,0.0012552,-0.001213,0.001257,0.00084423,0.0024669,0.0024489,-0.00011253,-0.0019885,0.0030112,0.0054269,0.0012268,-0.0023577,-0.00063502,0.00019052,0.0029415,-0.0038871,0.003202,-0.0032903,-0.00066449,-0.00086283,0.0040338,0.00089619,-0.00048162,-0.00039961,0.0017477,0.0038744,-0.0016007,0.0015573,0.0033806,0.00024251,0.00081494,0.0036461,-0.00049339,0.0061061,0.0053937,-0.0013743,0.0065386,0.0014488,0.0011114,-0.00092346,0.004116,0.0016668,0.0008349,0.0004268,0.0031417,-0.003005,0.0011281,0.00070734,-0.0047698,-0.0011726,0.0031083,-0.0020006,-0.0023137,-0.00090047,-0.0030245,0.0027071,0.0021217,0.009255,-0.00050238,0.0056636,-0.00071248,0.0073897,-0.0013263,-0.0018083,-0.0038598,-0.00033108,-0.0010563,-0.0027864,0.0018673,0.0017501,0.00012158,0.0017939,0.0021697,-0.0019398,0.00068823,0.00033157,-0.0011327,0.0041898,-0.0011363,0.0065824,-0.0014011,0.0036119,-0.00098819,-0.00059659,-0.0015526,0.0012524,-0.0055144,0.0016785,-0.0043321,0.0027898,-0.0017763,0.00073517,-0.003228,0.0018218,-0.0012564,-0.0019269,-0.002154,-0.0016565,0.0013362,0.0027307,-0.00028449,0.00040071,-0.0030673,0.0034317,-0.00073172,0.0080086,0.0031367,-0.0054749,0.0023787,-0.0015076,0.0013727,0.0023196,0.0014407,-0.0030076,0.0051505,0.0010437,0.00085328,0.001386,-0.0004508,0.003576,4.5534e-05,0.002184,-0.0040101,0.0044767,-0.0021697,-0.00040703,0.0035466,0.0034153,0.00014478,0.00078905,-6.2905e-05,0.0014777,0.0023959,-0.00015715,-0.0024835,0.0030853,0.0024928,0.0024751,0.0011702,0.00064665,0.0038271,0.0034538,0.00083567,0.0020208,-0.0014121,0.0043035,-0.0025363,-0.0010435,-0.00040141,0.0006576,0.00084963,0.00097668,0.0026856,0.0030799,0.0021788,0.0013832,-0.00014825,0.0024774,-0.0010319,0.0019519,-0.00020831,0.0010581,0.0014531,0.0026938,-0.0015015,-0.00013393,-0.002799,0.00047859,-0.00079539,-0.0012859,-0.00013282,0.00015269,-0.00010463,-0.00068398,0.0029308,-0.00033195,0.001639,-0.0030369,0.0013818,0.001968,0.003117,-0.00064841,0.0003255,0.0024562,0.0025534,-0.0021734,0.00014387,-0.0027804,0.0020767,0.00082296,-0.00037437,-0.0043759,0.0031234,-0.0018413,-0.00079858,0.0029891,0.0019802,-0.0013097,0.0021602,0.00081673,-0.0012607,0.0022859,-0.00024746,-0.00069735,-0.00070088,-8.8036e-06,0.0043329,0.0036128,0.00041893,-0.00071976,-0.00023946,-0.00016014,0.0015555
-0.00034559,0.00050867,0.0026819,-0.0003013,0.0027846,0.00084502,-0.00074802,-0.00019046,0.00049854,0.0004732,-0.00053928,0.0023845,-0.0020987,0.00028372,0.0011584,0.0011416,0.0003068,0.0016226,0.0014247,0.00034866,-0.0018838,-0.0012716,0.00099602,-0.0018075,-0.00068463,-0.0014089,0.0017497,0.0018817,-0.0011117,0.0014049,0.00076218,0.00049827,0.00011432,-0.0010212,-0.00036831,-0.00065176,0.00050527,0.00096174,0.001209,0.00071901,0.00033618,-0.00097337,-0.0028619,-0.00031521,0.000715,-0.00013181,0.0012343,0.0019871,-0.00059425,0.0014802,0.0020128,0.00028752,0.001493,0.002305,0.001913,0.0013592,-0.0026414,0.0011704,-0.00014632,-0.00097653,0.0015488,-0.00093542,-0.00092543,-0.00022735,-0.0006702,-8.9634e-05,0.0015989,-0.0011627,0.00098991,-0.0023215,-1.1913e-05,0.0010672,-0.0022791,0.003068,-3.6154e-05,-0.0006488,0.0016917,0.0018933,-0.0022703,0.0014716,0.001998,0.0024263,-0.0012585,-0.0008187,-0.0015812,-0.00036295,-0.00055855,-0.00045287,-0.0010337,0.002845,0.001022,-0.00012354,0.00025861,-0.0026106,-0.0027891,0.00020978,0.00052837,-0.0011385,0.0015421,0.003105,0.00017449,0.00037641,-0.00040323,-0.00030631,0.0001581,0.0025266,0.0018599,0.00063326,0.0005398,0.0036268,0.00075888,-7.7403e-05,-0.0045916,0.0017521,-0.0026248,0.0012777,-0.0030909,-4.9023e-06,-0.0018507,-0.00083213,-0.00020744,-0.0022101,0.0018751,-0.0032259,-0.0018465,-0.0015725,-0.002483,0.00014825,2.41e-05,-0.0017906,0.00097067,0.00043708,0.00061288,-0.00030643,-0.0010359,0.0020224,0.00057861,0.0022141,0.0014749,0.0019649,0.00033441,0.0029567,0.0044587,-0.0074303,0.0016276,-0.001134,0.0012298,0.0015902,-0.0010444,0.00033168,-0.00072572,0.0017227,7.8487e-05,-0.0001127,0.0016177,-0.00053293,0.0006418,0.00025426,-8.4366e-06,0.0018056,0.00064534,0.0023511,0.00013422,-0.0011367,-0.00047842,-0.0008081,0.00036554,-4.2217e-05,0.0008513,-0.0005425,-0.0016798,-0.0013737,-0.00057152,0.0010871,-0.00010861,0.00084011,-0.0029833,4.011e-05,-0.0015989,0.0031369,0.00073406,0.00063134,-0.00061986,0.0023385,-0.0017276,0.0033882,-0.0023691,-0.0011613,0.0014383,0.0015376,-0.00061134,0.00013996,-0.00070077,0.0026261,-0.00094781,0.0015124,0.0010329,0.00035751,0.0023838,0.0014096,0.0024985,0.0014673,0.0032566,0.00059069,-0.0025993,0.00076359,-0.00059512,0.0011193,-0.00051203,0.00048761,0.00077746,-0.0017048,0.0012296,-0.00059316,-0.0018406,0.0021093,-0.0048026,0.0043772,-0.0011183,-0.0054504,-0.0027714,0.001384,-4.9483e-05,-0.00080239,0.00098093,0.0031845,-4.037e-05,0.00052056,-0.00085262,-0.0012461,-0.0024827,-0.0011333,-0.0040822,-0.0015452,0.0010433,0.00023107,5.9335e-06,-0.00030296,-0.00044219,0.0016606,-0.0022302,0.0017417,0.00066078,0.0019302,0.00014072,-0.00032075,0.00091639,0.0010069,0.0019098,-0.00099787,0.001435,-0.0020149,-0.0017974,-0.0011896,-0.001634,0.0001888,0.0002355,-0.00074944,-0.00054696,-0.0024875,-0.00019701,-0.0007706,0.00023041,-0.0011221,-0.00042079,-0.0015101,-0.00031682,0.0019817,-0.0014838,-0.0012788,-0.0005531,0.0011674,0.0020132,-0.0019111,-0.002412,9.6719e-05,0.00076099,-0.0028908,0.0011182,0.00021932,-0.0023594,0.0012976,0.0011804,0.00084627,-0.0018219,-0.0018874,6.5988e-05,0.0021468,0.002837,0.00089248,0.0007208,0.00034903
