1,1.4078e-16,1,1.3661e-16,1,1.3558e-16,1,-3.15e-17,1,0,1,-1.374e-16,1,3.1895e-16,1,1.2576e-16,1,-6.4478e-17,1,1.4513e-16,1,3.208e-16,1,0,1,-2.8405e-16,1,-8.0591e-17,1,-8.7206e-17,1,0,1,0,1,-8.8347e-17,1,1.5084e-16,1,-1.4598e-16,1,1.3101e-16,1,3.7918e-17,1,0,1,6.7803e-17,1,0,1,1.4343e-16,1,-1.5802e-16,1,-1.4898e-16,1,7.8365e-17,1,5.4732e-17,1,0,1,8.4072e-17,1,7.0297e-17,1,-9.8008e-17,1,-8.1286e-17,1,0,1,7.2361e-17,1,-7.7181e-17,1,7.3998e-17,1,1.1474e-17,1,-2.1068e-16,1,-6.5809e-17,1,-2.0916e-16,1,2.2162e-16,1,1.2459e-16,1,7.2861e-17,1,0,1,-7.3001e-17,1,-7.8388e-17,1,-7.2097e-17,1,0,1,1.948e-16,1,0,1,2.6952e-16,1,0,1,-2.0909e-16,1,9.1919e-17,1,9.745e-17,1,1.0159e-16,1,7.5433e-17,1,0,1,-3.742e-17,1,0,1,1.4735e-16
0,0.54398,-3.4153e-17,0.46975,0,0.16314,-3.7406e-17,0.36098,-3.6103e-17,0.45305,0,0.25925,0,0.1336,0,0.69874,3.2239e-17,0.3673,-1.8142e-17,0.32837,-3.208e-17,0.42143,1.7543e-17,0.32933,0,0.41438,8.0591e-17,0.77786,8.7206e-17,0.83782,2.8499e-17,0.62902,0,0.80677,0,0.75146,0,0.49129,3.6494e-17,0.61719,0,0.61444,0,0.70871,4.1069e-17,0.80253,0,0.4604,3.6038e-17,0.51411,-1.7929e-17,0.25199,-1.9753e-17,0.35578,0,0.72859,0,0.64181,6.3153e-18,0.56567,0,0.64146,8.4072e-17,0.79223,-4.6865e-17,0.92479,1.4701e-16,0.90655,0,0.80628,3.5709e-17,0.59442,0,0.56697,1.1577e-16,0.68407,0,0.77357,0,0.89599,1.4046e-16,0.70672,0,0.37032,-3.4859e-17,0.34285,-1.8468e-17,0.24851,-6.2294e-17,0.22001,1.8215e-17,0.22728,-3.2991e-17,0.30298,0,0.16813,0,0.79219,0,0.42072,6.1679e-17,0.80461,0,0.67177,0,0.7161,-8.0856e-17,0.52232,-2.7904e-17,0.75952,1.0455e-16,0.68341,-9.1919e-17,0.88755,0,0.94369,-5.0793e-17,0.95303,0,0.77035,4.627e-17,0.79515,6.2366e-18,0.81668,0,0.57983,0,0.41546
-0.0046874,0.0056217,0.0087434,0.021666,0.0038791,0.004873,-0.012071,0.0025719,0.014936,0.023947,0.003563,0.0042973,0.0058975,0.0034514,0.028409,0.018913,0.0074173,0.0021832,0.0085626,0.013313,0.021257,0.028583,-0.0063566,0.019444,0.015779,0.00084202,-0.0010281,0.057356,0.0302,-0.028091,0.010089,-0.051685,-0.02096,0.10806,-0.031922,0.096822,0.047802,0.018709,0.031267,0.013736,0.062687,-0.007462,-0.037417,-0.012571,0.00067213,0.042166,-0.007251,-0.0082103,0.015185,0.030544,0.012643,0.0093057,0.04973,0.077908,0.027108,-0.02612,0.06406,-0.044192,-0.045728,0.035656,0.042977,-0.026527,0.014827,-0.008857,-0.030434,-0.023229,0.033086,-0.053308,0.017223,-0.034352,0.07792,-0.010422,0.084218,-0.0020004,0.012073,0.043845,0.061773,-0.039507,0.085805,-0.013803,0.039045,-0.025851,0.053865,0.016837,0.032186,0.010652,0.01716,0.006664,0.004612,0.012322,0.016396,0.0036773,0.034225,0.012618,0.01017,0.012402,0.012351,0.00020488,-0.002779,0.0095222,0.024439,-0.024698,0.008113,0.032834,0.026464,0.015586,0.016115,-0.05767,0.029621,-0.0067257,0.044535,0.029802,0.034818,-0.084991,0.0065228,0.014589,0.03641,-0.01652,0.028646,0.011449,0.040044,-0.089909,0.027986,-0.050829,0.027527,0.012349,0.017308,0.024847
0.020132,0.082724,0.067361,0.0024166,-0.018968,-0.041708,0.033426,0.075478,0.06931,0.00082504,0.019707,-0.0098988,-0.061421,-0.045095,0.04114,-0.0054587,-0.0069915,-0.034615,0.052906,-0.043836,0.038208,-0.037871,0.047599,0.026575,0.0076247,-0.0081469,0.08992,0.017306,-0.012999,-0.039495,-0.018262,-0.0095466,0.096084,0.02822,0.11171,0.0037437,0.06038,-0.0525,0.029339,-0.046956,0.031061,-0.039485,-0.038801,0.086342,0.067957,0.039074,-0.036053,0.026752,0.080946,-0.036745,0.0002106,-0.016328,0.05492,0.0048248,-0.020903,-0.00053966,-0.07141,-0.012603,-0.037574,0.093728,-0.0050767,-0.011073,0.0016188,0.0043855,-0.017122,0.025484,-0.021708,0.045105,-0.055662,0.020446,-0.014344,-0.021121,-0.013914,-0.04951,-0.019047,0.048105,-0.038538,-0.025452,0.042813,0.033442,-0.015618,-0.027747,-0.034156,-0.089729,0.030798,-0.05091,-0.016156,-0.083689,-0.065955,-0.087506,-0.084073,-0.081712,-0.096169,-0.12013,-0.07323,-0.091236,0.013353,0.013961,0.024995,0.0057448,0.030632,-0.018537,0.07433,0.0012765,0.051247,-0.002978,-0.031074,0.16637,0.046865,-0.0034814,0.088458,-0.022193,0.02728,0.065261,0.061611,-0.043229,0.016749,0.0033931,0.043771,0.0017741,0.06146,0.1008,0.0055845,-0.017861,0.04185,0.012709,0.07818,-0.060421
0.062044,-0.0077384,0.074241,-0.0053614,0.10812,-0.0035184,0.093973,-0.0035622,0.072678,-0.0023233,0.09991,-0.0028049,0.10495,-0.0047542,0.028646,0.014501,0.091252,-0.0058568,0.093416,0.001142,0.082341,-0.0031775,0.096229,0.0028153,0.080521,-0.0020378,0.039625,-0.0056182,0.041997,0.015978,0.044035,-0.015714,0.055788,0.031587,0.051541,0.048139,0.053634,0.0026961,0.053667,0.0042454,0.035123,0.025344,0.042016,0.0014133,0.03108,-0.015267,0.083067,-0.0017636,0.076187,-0.0032798,0.098335,-0.0098596,0.097133,-0.045071,0.041171,0.016344,0.0088024,0.027356,0.072768,0.0064391,0.044728,0.031059,0.0036619,0.00636,0.0084357,-0.010168,0.013379,0.032969,-0.013018,-0.010966,0.010488,-0.0053659,0.018735,0.0041728,0.045952,-0.039961,0.014566,0.017651,-0.021148,0.048951,0.043372,0.028684,0.06376,-0.023327,0.075223,-0.0012163,0.095767,-0.0053431,0.10053,-0.0067314,0.089956,-0.0074567,0.077844,-0.013675,0.10343,-0.0095221,0.0060894,0.0065003,0.087131,0.0030486,0.020801,0.031952,0.051803,-0.00093428,0.039808,0.023293,0.093265,0.056672,0.05812,0.020893,0.056387,0.038557,0.051914,0.049795,0.0098471,0.03478,0.010815,0.044736,0.026864,0.010816,0.092641,0.07128,0.063422,0.0042366,0.041122,0.015405,0.082346,-0.0038791
-0.017547,0.053409,-0.023565,0.041082,-0.011704,0.02125,-0.011321,0.059348,-0.0061,0.043922,-0.01454,0.058734,-0.01896,0.030803,0.014449,0.060074,-0.027528,0.065215,-0.0099071,0.04007,-0.019879,0.042938,0.030083,0.021084,-0.022993,0.053194,-0.0040987,0.027021,0.010225,0.012353,-0.045696,0.089977,0.054032,-0.0043324,0.059013,0.042074,-0.0041762,0.043518,-0.011819,0.037151,0.011843,0.047658,0.0075787,0.049872,-0.026698,0.02777,-0.016568,0.058124,-0.015954,0.035032,-0.028966,0.02508,-0.015291,-0.014314,0.012177,0.022127,0.03783,0.071169,0.02638,0.067057,0.03033,0.039219,-0.01203,0.026719,-0.0059183,0.009414,-0.0020292,-0.020115,0.00099218,0.039349,-0.0007987,0.07153,0.0067126,0.031595,-0.0036394,0.022515,0.012507,0.032054,0.017205,0.010756,0.020093,0.021445,-0.046584,0.068708,-0.0036258,0.038749,-0.021014,0.035473,-0.044512,0.051264,-0.023444,0.05796,-0.043894,0.063391,-0.027019,0.05893,-0.007335,0.045467,0.018887,0.042501,0.036293,0.025927,-0.011286,0.043331,0.0078758,0.017662,0.038953,0.0095943,-0.0022744,0.0039597,0.019577,-0.015607,-0.026205,-0.016052,0.055832,0.013675,0.021075,0.0018137,-0.0065073,0.037361,-0.008621,-0.028221,-0.0077274,-0.00067549,0.021765,0.056577,-0.015154,0.032802
-0.0054622,0.011031,0.0089106,0.023689,0.0020881,0.0028834,-0.01025,0.0033854,0.016087,0.02592,0.0016186,0.0048335,0.0035511,0.0015499,0.030819,0.0024085,0.006602,0.00065114,0.012399,0.012554,0.021649,0.01394,-0.0080304,0.016551,0.015268,-0.00038859,-0.0076636,0.032522,-0.0019798,-0.0081867,0.022777,-0.03672,-0.016494,0.037304,0.0033276,0.037528,0.042748,0.013082,0.023374,0.0025689,0.039678,-0.019758,-0.020034,-0.01109,0.00075403,0.013848,-0.0091925,-0.0065368,0.01429,0.026169,0.0052663,0.0098543,-0.0063478,0.04688,0.010493,-0.030769,0.037156,-0.045415,-0.022131,0.012622,0.012839,-0.027816,0.02531,-0.015688,-0.0064185,-2.2531e-05,-0.023433,-0.0422,0.02586,-0.019982,0.064796,-0.009265,0.071659,-0.0034643,-0.019724,0.029468,0.039361,-0.03963,0.024778,-0.040684,0.013041,-0.028556,0.039251,0.016454,0.032822,0.0095002,0.016819,0.004208,0.0033252,0.0011533,0.01348,-0.00027298,0.028189,0.00037077,0.0026255,0.0044391,0.0074736,-0.01686,0.0011277,0.0095939,0.006357,-0.017683,0.0077721,0.02273,0.0077554,0.012798,-0.048637,-0.032679,-0.007233,0.010268,0.0074228,0.0051059,-0.051187,-0.0083901,-0.0020952,0.024647,-0.0095171,-0.023074,0.010769,-0.0061476,-0.063485,-0.0090633,0.017077,-0.0019153,0.025438,-0.0049866,0.015743,0.024267
0.0088646,-0.013902,0.0044932,-0.0024005,0.0057903,-0.0011701,-0.0070234,-0.0014674,0.012057,-0.014476,0.015245,0.0097496,0.008224,-0.014835,-0.024674,-0.015119,-0.00075642,-0.0076164,0.012835,-0.013411,0.0015031,-0.0089449,0.0043263,-0.0039174,-0.001002,-0.0084535,-0.030933,0.0026151,0.016358,0.035744,-0.0055813,-0.031855,-0.072823,-0.011515,-0.061128,-0.018256,-0.0044214,-0.010968,-0.0057159,-0.001618,-0.016976,0.011933,0.0059999,-0.030651,-0.023218,-0.011365,0.0053103,0.0095054,-0.00048974,-0.0035202,0.0040624,0.01344,-0.020094,0.032949,-0.0062142,0.0027996,-0.0046035,0.013021,0.030427,-0.042101,-0.010297,0.025372,-0.00039151,-0.018955,0.028678,-0.015575,0.012821,0.031918,0.024074,-0.016509,-0.016965,-0.020968,-0.0016963,-0.0060637,0.019932,-0.019823,-0.0055242,0.0039708,-0.032316,0.0083393,-0.0029848,0.01531,0.015942,-0.010546,0.0015248,-0.018076,0.0053399,-0.010184,-0.0046458,-0.010788,-0.0075976,-0.02,0.00037068,-0.0052692,0.0010157,-0.017103,-0.017325,0.0035244,0.0035118,-0.019209,0.0084773,0.032171,-0.01708,-0.011074,-0.007145,0.014272,0.01249,0.0076147,0.018336,0.019769,-0.023584,0.023045,0.046295,0.015345,-0.0067958,0.030659,-0.0053416,0.020636,-0.024053,0.0053464,0.031252,0.0089255,0.009735,-0.01143,-0.011907,-0.011681,0.016435,-0.0065168
0.0016949,-0.0091826,0.01941,-0.0090164,0.038772,-0.0020411,0.026128,-0.00033063,0.015026,-0.007465,0.030337,-0.0035677,0.035824,-0.0028601,-0.014188,0.010319,0.025076,-0.0070944,0.027509,-0.0031415,0.012877,-0.0053009,0.032942,0.0071447,0.013178,-0.0027194,0.0058488,-0.00014043,0.011564,0.0044512,0.0055025,0.00062103,0.021543,0.026929,0.010643,0.015343,-0.0014377,0.0044321,0.014555,0.010591,0.00041269,0.027156,-0.0018715,0.00077111,-0.010508,-0.00077441,0.020067,-0.0043252,0.020772,-0.0057337,0.035167,-0.011111,0.048059,-0.010439,0.012109,0.023106,-0.018247,0.028079,0.010182,0.0035799,0.015577,0.02748,-0.015805,0.00782,0.010038,-0.0080246,0.026674,0.013669,-0.032016,-0.007281,-0.024971,-0.0050586,-0.022257,0.0043183,0.022242,-0.01876,-0.0024193,0.023225,-0.00047067,0.049415,0.018663,0.020232,0.0061559,-0.022048,0.0090422,-0.00391,0.024322,-0.0059606,0.02846,-0.0029311,0.022431,-0.0029135,0.0082511,-0.0078923,0.034373,-0.0017005,-0.012818,0.010817,0.025357,0.0055103,0.015906,0.020584,0.0067045,0.0030065,0.022852,0.011787,0.036967,0.0026832,0.019732,-0.004967,0.040094,0.027193,0.02734,-0.018873,-0.0075966,0.016821,0.016616,0.020719,0.0027199,0.017428,0.037435,-0.0082079,0.011113,0.0019937,-0.010389,0.019475,0.023548,-0.0054455
-0.0078441,0.016925,-0.012608,0.0044421,-4.9548e-05,0.0031173,0.0033761,0.0099246,-0.015042,0.013574,-0.007199,0.019889,-0.017486,0.012367,-0.006461,0.011992,-0.0080487,0.013941,-0.008375,0.01692,0.00013274,0.015758,0.0055363,0.012721,-0.0015348,0.030203,0.0026702,0.0093903,-0.0088756,0.010528,0.034917,-0.005731,-0.0039586,0.0047858,-0.023077,0.0053181,0.0088064,0.017679,0.014939,-0.007853,0.0028677,2.0838e-05,0.0032674,0.0044947,0.010561,0.017065,-0.0032151,0.018088,0.0011033,0.013829,-0.0081482,-0.0045588,0.029381,0.005166,0.0062097,0.0026825,0.0065579,-0.0017581,-0.019275,-0.0051698,0.0020345,-0.013203,0.011746,-0.0010476,0.0032549,-0.0088142,-0.010311,-0.011754,0.0082145,0.0006727,0.0041095,0.0075503,-0.00045658,0.0092698,-0.019059,-0.010947,0.017618,-0.00092813,0.012162,-0.0060128,-0.013283,-0.0066863,-0.012688,0.0093901,-0.0012037,0.019784,-0.0085168,0.013365,-0.014582,0.015004,-0.017593,0.016746,-0.013869,0.0094631,-0.014755,0.0082767,0.005366,-0.009686,0.0086999,0.014627,-0.015598,-0.010352,0.0071613,0.012355,-0.018931,-0.014926,-0.026358,0.014765,-0.021198,0.024948,-0.0089162,-0.0031225,-0.03259,0.019103,-0.028184,0.0070153,-0.020524,-0.0037501,0.012131,0.00035994,-0.033881,0.034996,0.015838,0.012603,0.0098502,0.013731,0.00070457,0.007069
0.0035701,0.012072,0.0081138,0.015929,0.00076923,0.0020983,-0.0067613,0.00018641,0.012238,0.020181,1.1381e-05,0.0047441,0.0036475,0.0025575,0.019987,-0.0080222,0.0050615,-4.437e-06,0.0092048,0.008654,0.017154,0.013097,-0.0038359,0.011068,0.014042,-0.001786,-0.003423,0.0052667,-0.0096068,0.0076972,0.010314,-0.013047,-0.0051811,-0.0011247,-0.0021545,-0.0017098,0.032542,0.0040087,0.0093878,-0.0071725,0.012194,-0.022125,0.00092956,-0.0017788,0.011557,-0.0012365,-0.0068468,-0.0026999,0.0077695,0.014285,-0.00063725,0.0075064,-0.0055845,0.0085793,-0.0067363,-0.019012,0.011306,-0.022195,-0.0027099,0.028772,-0.0046104,-0.015701,0.014611,-0.01787,0.0085403,0.015338,-0.02889,-0.0046161,0.02173,-0.0033221,0.037881,-0.0046799,0.045168,-0.0030055,-0.0087807,0.011838,0.010703,-0.017473,-0.0039744,-0.024111,-0.0059886,-0.011986,0.025089,0.015951,0.02708,0.0083163,0.014167,0.006348,0.006525,0.0011437,0.014136,-0.00042577,0.025759,0.0054289,0.0050937,0.0013873,-0.0012564,-0.023627,0.005653,0.0071001,-0.017614,-0.002561,0.0087112,0.0051136,-0.0011501,0.01124,-0.0091725,0.0014841,-0.0031866,0.020436,-0.014934,0.0012738,-0.0068487,0.018592,-0.012067,0.0029589,-0.021295,-0.00079476,-0.0035105,-0.016757,0.0046282,0.014693,0.0060492,-0.011468,0.016306,-0.01182,0.0097826,0.015753
0.012388,-0.0065858,-0.0049629,-0.0031339,-0.0043143,0.0019717,-0.00037544,-0.0034141,0.0034038,0.0026606,0.0037679,0.0074154,0.0028033,-0.0035331,-0.0028253,0.0090421,-0.0031098,0.0008906,0.0037455,-0.00037184,-0.00088557,-0.0027873,0.0014765,-0.0070205,-0.0019465,-0.0041368,-0.0056472,-0.0029016,0.0064362,-0.010154,0.0073928,0.016292,0.0018046,0.0040777,0.00084368,0.015501,-0.0082423,-0.004359,-0.010914,0.0048567,-0.0061882,0.015777,0.0026357,-0.01027,0.0045126,-0.0083929,0.0048827,0.00023016,-0.0045369,-0.00013306,-0.0049667,0.010481,-0.01284,-0.0027808,0.0062033,0.01597,0.0098595,0.01236,0.0082677,0.002479,0.0021856,0.011083,-0.0028707,0.0053162,-0.00040252,0.0013316,0.015497,0.0010582,-0.00052357,-0.0027094,0.0053241,0.0052821,-0.0018075,0.0010903,0.0025531,0.018728,0.0045408,0.013736,0.0022113,0.0065179,0.012647,0.0078623,6.5815e-06,0.0098743,0.0030783,-0.0047698,0.0033774,-0.0071727,-0.0094173,-0.0072325,-0.0018888,-0.00021453,-0.0015461,-0.00095382,-0.003919,0.0024393,-0.0011264,0.0053983,0.0013726,-0.011863,0.0094902,0.0073805,-0.0073991,-0.0042098,0.010229,0.0047164,1.0605e-06,-0.024127,0.007902,-0.015534,0.0084177,0.014147,0.0014861,-0.026869,-0.0032075,-0.0020696,0.012772,-0.00056226,-0.0023994,0.0082909,0.0057593,-0.025111,-0.01152,0.024427,-0.012344,0.0064188,-0.0023637,-0.001899
-0.0044949,-0.010826,0.0092054,-0.0098961,0.019895,-0.0010772,0.011767,-0.00091999,0.0048548,-0.0093765,0.012742,-0.0034025,0.016542,-0.0036675,-0.013243,0.0060303,0.010427,-0.0055516,0.0094318,-0.0037582,0.0020784,-0.0039618,0.015605,0.0067184,-0.0023767,-0.0012312,-0.0013823,-0.00060491,-0.0021157,-0.0010938,-0.0010691,0.0042886,0.0016645,0.0075036,-0.0078438,0.00096434,-0.0098169,0.0038953,0.011489,0.01445,0.005867,0.017987,-0.0040885,0.0033981,-0.013114,0.0023114,0.0062998,-0.0034638,0.0066656,-0.0017443,0.020587,-0.0074151,0.011615,0.0068367,0.010272,0.0072798,-0.0077229,0.011823,0.022294,0.010316,0.012619,0.010786,-0.010606,0.017488,0.011943,0.00011914,0.014502,-0.0035645,-0.019031,-0.0060538,-0.011576,-0.0034755,-0.014931,0.0018542,0.0053118,-0.0055626,-0.00038523,0.0070789,0.0078045,0.015415,0.014214,0.0002824,0.0012072,-0.016884,-0.0045826,-0.0044978,0.0080524,-0.0073224,0.011813,-0.0043372,0.00487,-0.0028913,-0.0018744,-0.010454,0.014425,-0.0022409,-0.002013,0.013624,0.009692,0.0044351,0.019635,0.0029461,-0.0021483,0.0052909,0.018449,-0.0082707,-0.0041715,0.0004777,-0.0038479,-0.0054957,0.024855,0.00341,-0.0095434,-0.0042477,-0.0043493,-0.0018953,0.0096042,-0.0052299,0.0047739,0.014419,-0.0097173,0.0075316,0.017793,0.0050599,-0.010895,0.016759,0.0090133,-0.0023788
-0.0078078,-0.00039203,-0.0052829,0.00139,0.003881,0.0047666,-0.00085528,0.0043025,-0.0038403,0.001383,-0.0012906,0.010305,-0.0069565,0.010148,0.0012892,-0.0050659,0.0023322,0.0047114,0.00050782,0.0094814,-0.0014992,0.0051686,0.00036521,0.0087064,-0.0012534,0.011163,-0.0010155,-0.005705,0.0030438,0.0082245,0.0044617,-0.004337,-0.0010741,0.0032142,-0.00037722,-0.0010352,-0.0016334,0.0093123,0.0012864,0.00078031,-0.0023224,-0.0070903,-0.00093454,0.0073856,-0.0040787,-0.0015477,0.00045605,0.0045171,0.0029117,0.0051847,0.0047054,-0.00072399,0.0023652,0.0058104,-0.010744,-0.0086053,-0.0023679,-0.0060501,0.0011568,-0.010598,-0.0064818,-0.0015256,0.013009,0.0014272,8.8387e-05,0.0031588,-0.0054102,0.00081638,-0.0032901,-0.0050457,0.0032404,0.0040898,0.0012971,0.0014186,0.014277,-0.0090597,-0.009207,0.0022147,-0.0021126,-0.0054055,-0.011564,0.00037929,0.0019363,-0.00019658,-0.001338,0.0059031,-0.0063064,0.007444,-0.0039711,0.0083974,-0.0063026,0.0097238,-0.0085621,0.0054397,-0.0031764,0.0045909,0.002809,-0.0039632,-0.00022141,0.012541,-0.0065587,-0.0010574,0.0011812,0.0010202,-0.01557,0.0012449,-0.0038635,0.015866,0.0073583,0.010358,-0.016954,-0.0011667,0.0095175,0.014416,0.0017146,5.2242e-05,-0.0034873,0.0037269,-0.0017199,-0.0049163,0.0054726,0.0071444,-0.0047376,-0.019423,0.0059571,0.0027881,0.0034421,0.0071116
0.0033568,0.012412,0.0061421,0.0090057,0.00023899,0.00086004,-0.0036046,4.4974e-05,0.0053716,0.013879,-0.00095583,0.0039913,0.002727,0.0030343,0.0078914,-0.0036718,0.0034477,-0.00062767,0.0057129,0.0075959,0.014047,0.0074773,0.00011608,0.0074561,0.01154,-0.0018148,-0.002203,0.0021165,0.0013624,0.0059436,0.00043001,-0.0054481,-0.0090452,-0.0014528,-0.014651,0.0015447,0.020541,0.001543,0.00085494,-0.0075229,-0.00099909,-0.012694,0.006151,0.0012937,0.010351,-0.005896,-0.0046884,-0.00060766,0.0053391,0.0077212,-0.0023747,0.0033358,0.011187,0.0071157,-0.007135,-0.0025989,0.0031139,2.6112e-05,0.0020563,0.010232,-0.0018599,-0.0044258,0.0025752,-0.0088155,0.0021713,0.012617,-0.0074781,0.0043493,0.0098865,-0.0058173,0.010546,-0.00017172,0.02135,-0.0016216,-0.0040138,0.0081694,0.0028122,0.00030836,-0.0026128,0.0061773,-0.0052552,0.0015552,0.011454,0.0096811,0.020307,0.0076552,0.01067,0.0066555,0.0052946,0.00068076,0.012484,0.0011747,0.017071,0.005386,0.0039841,0.0021035,-0.0061581,-0.016735,0.0056413,0.0054549,-0.014756,0.011914,0.0073913,0.00016405,-0.0015557,0.011871,0.0039717,-0.016036,0.0058574,0.0068267,-0.0097512,0.011284,0.00032918,-0.006729,-0.0076596,0.0025296,-0.0026741,0.0074541,-0.0081077,-0.0079588,-0.00034183,-0.014393,-0.0088914,-0.0016322,0.0079939,-0.010932,0.0072107,0.009233
0.0022965,0.0018218,-0.0042245,0.0018879,-0.0043907,-0.0015646,-0.0010443,-0.0012974,-0.0024803,0.0033556,0.00048336,0.0026056,0.0026963,-0.0028988,0.0059654,0.0025404,-0.0031227,0.0010593,0.0029274,-0.00068455,-0.0026647,-0.0013451,0.0015678,-0.0071929,0.0012994,0.0005182,-0.0010231,0.0019102,-0.0043055,-0.0011086,0.0052371,0.011554,-0.0039386,-0.012185,0.00073122,-0.0067259,-0.00043256,0.0069927,0.0042418,0.0058309,-0.00015168,0.0075641,0.0011173,-0.0020101,-0.0078817,0.0020953,0.0035783,-0.0016665,-0.0046666,0.0010234,-0.0071921,0.0020483,-0.002351,0.0045972,0.0090086,-0.0011077,0.0066306,0.0015475,-0.0093515,0.0020645,0.0015713,-0.00083942,0.003211,0.00065583,0.00034161,0.0045753,0.001139,-0.0043984,-0.0054211,-0.003727,0.0031785,0.0093625,-9.2143e-05,0.0018165,-0.011782,-0.0021728,0.0047795,-0.002493,-4.6106e-05,0.0011993,0.0051386,-0.00081076,-0.0051571,0.0088098,0.00082894,0.0017234,0.0036989,-0.00091633,-0.0026199,-0.0027612,0.00060688,0.0021645,-2.8418e-07,0.0055578,-0.0029617,-0.00081087,0.0044177,0.0030624,0.0021866,-0.00017417,-0.001133,0.0090919,-0.0036097,0.0019213,0.0023425,0.00010333,0.0005823,-0.0013516,-0.015243,-0.0034807,0.0010714,-6.7932e-05,-0.0043775,-0.0019988,-0.0033012,-0.0020135,-0.00076344,-0.008072,0.005744,0.0039854,-0.0063182,-0.00021739,0.014666,-0.0004106,-0.0024451,0.0028604,-0.0015223,-0.0019236
-0.0025161,-0.0094539,0.0051492,-0.0084657,0.011701,-0.00015248,0.0065629,-0.00030685,0.0028704,-0.0052275,0.0061909,-0.0027141,0.0096286,-0.0034515,-0.0036274,0.0041325,0.0054194,-0.0033301,0.0039278,-0.0016227,-0.0030588,-0.0042923,0.0077891,0.0036506,-0.0055056,-0.00076743,0.0014389,-0.0016054,-0.0053013,0.0028423,-0.0013008,0.00045843,-0.00019433,0.0052006,0.0015283,0.0057128,-0.0073146,0.0018285,0.009318,0.0098791,0.0067823,0.0061861,-0.005731,0.0015511,-0.0067114,0.0028046,0.0026029,-0.002086,0.0018208,0.00060274,0.012938,-0.0031857,-0.0010292,-0.0054352,0.0049214,0.00058462,-0.0049568,0.0011972,0.0047094,-0.0012848,0.0022655,0.0025087,-0.0037541,0.013625,0.003372,7.4434e-05,0.0021863,0.00094267,-0.00048735,-0.0088705,0.0017919,-0.0028574,-0.0019665,0.00059276,-0.0050902,-0.0041845,-0.0029882,-0.006654,-0.0022882,-0.005631,0.0047601,-0.0050345,0.0034344,-0.0081016,-0.0055709,-0.0042172,0.0030542,-0.0067777,0.0060952,-0.0025972,-0.00011431,-0.0030252,-0.0033565,-0.0079561,0.0084372,-0.002123,0.00046908,0.0078362,0.0032964,0.0023918,0.00081915,-0.0021412,-0.0020361,0.0042641,0.0048346,-0.01132,0.0036269,0.0094232,-0.0023706,0.0033844,0.0083607,-0.0050511,0.0028147,0.0046108,-0.0031685,-0.0019262,-0.0040052,-0.0054573,0.0070242,0.004872,0.011379,0.008351,0.0087957,-0.0009006,-0.0047925,0.01066,0.0026924,-0.00012145
-0.00080312,-0.0020967,-8.9136e-06,0.0019786,0.002395,0.0060489,0.0016893,0.0027176,0.0024746,-0.00036462,-0.00055925,0.0060977,-0.0032143,0.0031152,-0.0035064,-0.0056484,0.002846,0.0037964,0.0017597,0.0019478,-0.0014433,0.0050604,-0.0061141,0.0031452,0.00067409,0.0034839,0.00084318,-0.0010843,0.00031542,-0.0030535,-0.010777,-0.0020753,-0.0010701,0.0056167,0.0009292,-0.0058712,-0.00018373,-0.00083331,-0.00343,-0.0025236,-0.0037598,-0.0013294,-0.0013441,0.0010906,0.0006906,-0.0014771,0.00096499,0.0011296,0.0015817,0.0023091,0.0047439,0.0045288,0.0027674,-0.0014027,0.0012134,0.00086414,0.0040845,0.00034177,-0.0096389,0.0045245,-0.00092381,0.0040889,5.3005e-06,-0.0026409,-0.00028875,0.0036666,-0.00030947,0.00049443,0.0017023,-0.00511,-0.0023696,-0.00059938,0.0012731,-0.00047313,0.0044423,0.009552,-0.00061809,0.0012316,-0.00080074,0.00163,-0.00021051,0.0028153,0.0048662,0.00015059,-0.00043835,0.00061207,-0.0030535,0.00057462,-0.0014809,0.0031008,-0.0027159,0.0045115,-0.0017584,0.00036981,-0.00089613,0.0032435,-0.0047475,0.0023118,-0.0029558,0.0053293,-0.0068801,0.00995,-0.0011688,-0.0015072,-0.00081084,0.010165,0.00072602,-0.00076591,0.0033453,-0.00093748,-0.0080616,0.0089677,-0.0004918,0.0008267,-0.0020946,-0.0044564,-0.0030079,0.0034511,-0.0071845,-0.0037983,-0.0020778,0.0015008,0.001576,0.016963,0.0013353,-0.007173,0.00078742,0.0030895
0.0017989,0.0086562,0.0034261,0.0048418,0.0006387,0.00023205,-0.0027742,-0.00021925,0.0024518,0.0077226,-0.0012038,0.0030682,0.002046,0.0025609,0.0030726,-0.00033188,0.0023277,-0.0011396,0.0049898,0.0062574,0.008971,0.007013,0.0011012,0.0060786,0.0084589,-0.0014677,-0.002315,0.0011959,0.00056664,0.00065791,5.8196e-05,-0.0025826,-0.0032959,-0.0015448,-0.002919,-0.00095253,0.0091085,0.002758,-0.0022869,-0.0020067,-0.0011149,-0.0038909,0.0048879,0.0005219,0.0079006,-0.0079962,-0.0031721,0.00061206,0.0038073,0.0039246,-0.0010046,0.00062105,0.0032789,0.014045,-5.8327e-05,0.0015118,0.0031262,0.0083179,-0.0017732,0.0081023,0.0041678,-0.0030869,-0.00126,-0.00098065,-0.0042003,0.0048808,-0.0012805,-0.0036964,0.0042612,-0.0051466,-0.0042091,0.0008967,0.0056385,0.00074285,-0.0027735,0.0071197,0.0054305,0.0058385,0.0077519,0.0082208,-0.00047898,0.0014468,0.00442,0.0018131,0.013523,0.0061334,0.0078373,0.0059585,0.0047957,8.2465e-05,0.010097,0.0012319,0.011333,0.0044709,0.0029328,0.0013642,-0.0060103,-0.0063666,0.0032887,0.004166,-0.0089113,-0.0020624,0.0039396,-0.0016541,-0.00051014,0.0066952,-0.0076737,-0.0078572,-0.00043474,-0.00030054,-0.00089356,0.0045713,-0.0068901,0.0020511,-0.0021645,-0.0034753,0.0027847,-0.00049805,-0.0054406,-0.0015066,-0.0066834,0.0020928,0.00027647,-1.6557e-05,0.0050431,-0.0043556,0.0058586,0.0059518
-0.0019642,0.0019923,-0.0020474,0.003167,-0.0016339,-0.0027893,0.00064453,0.00050531,-0.0039715,0.0009538,7.3647e-05,0.00087495,-0.0016844,0.00051727,-0.00043369,0.0012394,-0.00087937,0.00080342,-0.0017814,-0.0012951,0.0026234,0.0015272,-0.00061233,0.00073354,0.00023592,0.0021565,0.0017576,-0.00033767,-0.00067082,0.00037515,0.003773,-0.0089202,-0.0007216,0.00021592,-0.0055274,-0.0015665,-0.00058938,0.0058437,0.0029163,4.0757e-05,0.0011102,0.0012633,-0.00037505,-0.00066102,0.0040919,-0.0029533,0.0013655,-0.0012709,-0.0028036,0.0014609,-0.0032635,-0.0016757,-0.0035388,0.0037189,-0.00058303,-0.00060453,-0.0016921,0.0023777,-0.013299,4.6193e-05,-0.0019943,-0.00031535,0.0004015,1.3798e-05,-0.004134,0.0017204,-0.00010215,0.00071308,0.0023431,-0.0039556,0.0022963,0.00075611,0.00084871,-0.00024166,0.0030461,-0.008481,-0.00011808,0.00011043,-0.0025671,-0.0011407,-0.00066559,-6.4453e-05,-0.0035625,0.0045436,-7.4326e-05,0.0037376,-0.00010855,0.0020099,-0.0027829,-0.00044577,0.00042135,0.0029648,-0.0019127,0.0041456,-0.0031492,-0.0010395,0.004363,-0.00090098,-0.00023064,0.0028774,-0.0047367,-0.004391,-0.00042096,0.0020814,-0.0019743,-0.0016867,0.0068682,-0.00041393,-0.0014045,0.0025733,-0.0021142,-0.0026748,-0.00090394,-0.0042218,-0.00061143,-0.002574,-0.00015342,0.0019268,0.002352,-0.0026899,0.002501,-0.0011858,-0.0028723,-0.0043943,0.0020404,-0.0018336,-0.0014076,0.00098193
-0.00078609,-0.0064424,0.0025369,-0.0051818,0.00719,-1.6627e-05,0.0040581,-0.00038898,0.001569,-0.00088832,0.0031135,-0.0020825,0.0063067,-0.0030173,0.0014723,-8.7092e-05,0.0028837,-0.0018072,0.002629,-0.0010018,-0.0015574,-0.0024356,0.0050713,0.0005761,-0.0050378,9.8666e-06,0.00097338,-0.00157,-0.00056306,0.002136,0.00048351,-0.00093674,-0.0013361,0.00049804,0.0028519,-0.0012549,-0.0011315,0.00082274,0.0080835,0.0041161,0.0015516,-0.00027924,-0.0051177,-0.00022507,-0.0021468,0.0032575,0.0013848,-0.0010256,-4.2457e-05,0.0015708,0.0072286,-0.0013962,0.0064416,-0.0040478,-0.00064833,0.0014158,-0.0058235,0.0007011,0.0052961,-0.002293,-0.0026813,0.003296,-0.0012665,0.0022483,-0.001601,-0.0026063,0.0030732,0.0048262,0.0099113,-0.0037964,0.0075016,-0.0024411,0.0062441,-0.00069721,-0.003583,-0.0059441,-0.0035152,-0.0050373,-0.0086546,-0.0029673,0.00076253,-0.0015052,0.0034634,-0.00093122,-0.0032869,-0.0030567,0.0016808,-0.0058727,0.0030887,-0.0018879,-0.0017279,-0.0026204,-0.0011792,-0.0059121,0.005172,-0.0014739,0.0015422,0.0011382,0.0010903,0.0012826,-0.003666,-0.0014313,-0.00098388,0.0030037,-0.0019538,-0.0030321,0.0026254,-0.00094891,0.00044683,-0.00072987,-0.0003878,0.00018467,-0.00028293,-0.0035524,0.0016418,-0.0024004,-0.0009299,0.0014005,0.0034079,-0.00060845,-0.0010638,-0.0043119,0.0022845,0.0039572,-0.00091267,0.0035817,0.00042199,0.00074696
0.0021217,-0.0019965,0.0027167,0.0017401,-0.00011728,0.0047806,5.302e-06,0.00092965,0.0026073,0.00068009,-0.00024093,0.0031243,0.00098669,0.00197,-0.0013481,0.001338,0.0010469,0.0023568,-8.9379e-05,0.001355,-0.00062111,-0.00073784,-0.0020676,0.00072614,0.001808,0.00046253,-0.0011769,0.00035526,-0.0013954,-0.00044724,0.0037693,0.0018118,0.00063732,-0.0019999,0.0018799,0.0025229,-0.0011595,-0.0018284,-0.0041121,-0.0002195,-0.0010112,0.0011276,-0.0013698,-0.00028343,-0.00031178,-0.0021282,0.0006127,0.00049312,0.00032712,0.00043637,0.0011379,0.0047583,0.0014366,-0.00059236,-0.0012209,0.00017853,0.0025346,0.0016596,0.0049293,0.0011036,0.0021758,-0.00029991,-0.0035217,0.0010776,-0.0019419,0.0005031,-0.0020881,-1.9534e-05,0.0053298,0.00036342,0.00016194,0.00072649,-0.0014149,0.0010378,-0.0089743,-0.0053595,0.0029786,0.00038229,0.0021868,0.0014308,-0.00062445,-0.0010466,0.0023096,0.0018386,6.6656e-05,-0.0013056,0.00030258,0.00010156,-6.3819e-05,0.0016851,-0.00085354,0.001834,-0.00078152,0.00046763,-0.00014273,0.0038531,-0.002063,-0.0036738,-0.0022818,0.00020362,-0.0003235,-0.0051649,-0.0021259,-0.00072673,0.0024939,0.0017231,-0.0016823,0.0017002,-0.00028432,-0.0013635,-0.0016409,0.0028405,0.0047193,0.0022506,0.0014922,-9.7393e-05,0.0033753,-0.0015097,-0.0019817,0.0040353,0.00084084,-0.00017815,0.0021538,-0.0046804,-0.0037966,-0.00046219,0.0010591,0.00053184
0.00078554,0.0052765,0.0017911,0.002742,0.00089245,0.00030764,-0.0021272,-0.00017795,0.002138,0.003157,-0.0010849,0.0023536,0.0012631,0.0021721,-0.00039277,-4.4902e-05,0.0016485,-0.0012239,0.0039854,0.003612,0.0054717,0.0042529,-0.00083888,0.0039618,0.005548,-0.0014167,-0.00081262,0.002082,-0.00064002,0.00065021,0.00045734,0.00068057,-0.0024598,-0.0021634,-0.0022679,-0.0054251,0.0019987,0.0028254,-0.0015707,0.0011791,0.0029062,-0.00077369,0.0039374,0.00026162,0.0035556,-0.0038319,-0.0021692,0.0009514,0.0025177,0.0020228,0.00066429,0.00031802,-0.0019936,0.003976,0.0022599,-0.0024594,0.00051027,0.0048346,-0.00069521,-0.0023497,0.0033799,-0.0042317,-0.0033047,0.0047136,-0.0030761,-0.00091257,-0.0034006,-0.0037494,-0.0018768,-0.00010856,-0.0062756,0.00023687,-0.0010887,0.0015616,-0.0020064,0.0024804,0.0027292,0.0028129,0.0064562,0.0015259,-0.00092381,-0.0021704,0.002467,-0.0028713,0.0078193,0.0043152,0.0051999,0.0048249,0.0037368,5.6573e-05,0.0079089,0.0009295,0.0061259,0.0020447,0.002271,0.00084382,-0.0018672,-0.0011192,0.0016245,0.0028909,-0.00182,-0.0074165,0.0016387,-0.0015769,-0.00012194,0.0038434,0.001746,-0.00026449,0.00013835,0.0027612,-0.0015048,-0.0016311,0.0016457,0.0011057,-0.00011762,-0.003243,-0.0012555,-0.002605,-0.0011798,0.00020713,0.0036862,-0.0011282,-0.00091907,-0.00049926,0.0027719,0.0021688,0.0041391,0.0037961
-0.0022684,0.00034298,-0.00056875,0.0019767,0.000162,-0.0011333,0.00056095,0.00066837,-0.0029448,0.0001203,-0.00048428,0.00024342,-0.0020219,0.00073346,-0.00096034,0.00030137,0.0003034,0.0012185,-0.0028152,0.0013193,-0.0019742,0.003896,-0.0031522,0.0017968,-0.00043549,0.0020806,0.00028665,-0.00032575,-0.0013198,-0.00056822,0.00068277,0.00039083,0.0019362,-0.0022363,0.0014993,-0.0027937,-0.00045214,0.0030602,-0.00041878,-0.00080892,-0.00063958,-8.8475e-05,7.8987e-05,0.0010857,0.0031241,0.0053548,6.2016e-05,-0.0010397,-0.0017343,0.0015146,-0.00052202,-0.00082897,-0.0035644,0.0031422,-0.0034579,0.00084651,-0.0061553,0.0028402,0.0037546,-0.0064308,-0.00098658,0.0029184,0.0017863,0.0021705,-0.0015935,-0.001598,0.0021921,-0.00078236,0.0035854,-0.00069054,0.0012449,-0.0010775,-0.00028243,-0.00024604,0.00095916,0.0048171,-0.0030458,0.0012861,-0.0015876,-0.00083015,0.00057532,0.001126,0.00029391,0.0021579,-0.00043117,0.0036269,-0.00094499,0.0010737,-0.0022176,0.00090691,-0.00039439,0.0028973,-0.0012186,0.0041718,-0.0015358,-0.0010237,-0.0013388,-0.0023127,-0.0014083,0.0027045,0.00096326,-0.0059136,0.00088684,0.00090572,0.00018147,-0.0018341,0.00077398,-0.0023804,-0.0025233,0.00014349,-0.0027845,7.5386e-05,-0.0045628,0.00061123,0.0009266,-0.00059523,-0.00049672,-0.0030768,0.0010038,-0.0011087,-0.0011781,0.0022584,0.00076708,0.00051057,0.0044224,0.0050146,-0.0020428,0.0012701
0.00011896,-0.0033659,0.00091458,-0.0018258,0.004805,-0.00025281,0.0030481,-0.0004336,-0.00013687,0.0014777,0.0015394,-0.0016341,0.0048282,-0.0023602,0.00099034,-0.0011001,0.0015034,-0.0011733,0.0010441,-0.00067082,-0.00098803,-0.0015026,0.0029855,0.00070462,-0.0035636,0.00051467,6.8068e-05,-0.0022382,-9.4662e-05,-0.00011743,-0.00038024,-0.0011963,-0.00028231,0.0012552,-0.001213,0.001257,0.0024489,-0.00011253,0.0054269,0.0012268,-0.0023577,-0.00063502,-0.0032903,-0.00066449,-0.00086283,0.0040338,0.00089619,-0.00048162,-0.00039961,0.0017477,0.0038744,-0.0016007,0.0015573,0.0033806,0.0004268,0.0031417,-0.003005,0.0011281,0.00070734,-0.0047698,-0.0011726,0.0031083,-0.0020006,-0.0023137,-0.00090047,-0.0030245,0.0027071,0.0021217,0.009255,-0.00050238,0.0056636,-0.00071248,0.0073897,-0.0013263,-0.0018083,-0.0038598,-0.00033108,-0.0010563,-0.0027864,0.0018673,0.0017501,0.00012158,0.0017939,0.0021697,-0.00059659,-0.0015526,0.0016785,-0.0043321,0.0018218,-0.0012564,-0.0019269,-0.002154,0.00040071,-0.0030673,0.0034317,-0.00073172,0.0020208,-0.0014121,0.0006576,0.00084963,0.0030799,0.0021788,-0.00033195,0.001639,0.00082296,-0.00037437,-0.0043759,0.0031234,-0.0018413,-0.00079858,0.0029891,0.0019802,-0.0013097,0.0021602,0.00081673,-0.0012607,0.0022859,-0.00024746,-0.00069735,-0.00070088,-8.8036e-06,0.0043329,0.0036128,0.00041893,-0.00071976,-0.00023946,-0.00016014,0.0015555
0.0026819,-0.0003013,0.0027846,0.00084502,-0.00053928,0.0023845,-0.0020987,0.00028372,0.0011584,0.0011416,0.0003068,0.0016226,0.0014247,0.00034866,0.0017497,0.0018817,0.00050527,0.00096174,0.0012343,0.0019871,0.0020128,0.00028752,0.001493,0.002305,0.0015488,-0.00093542,-1.1913e-05,0.0010672,-3.6154e-05,-0.0006488,0.0016917,0.0018933,-0.0022703,0.0014716,0.001998,0.0024263,-0.0015812,-0.00036295,-0.0010337,0.002845,0.001022,-0.00012354,0.00052837,-0.0011385,0.0015421,0.003105,0.00017449,0.00037641,-0.00040323,-0.00030631,0.0001581,0.0025266,0.0018599,0.00063326,0.0018751,-0.0032259,-0.0018465,-0.0015725,-0.002483,0.00014825,2.41e-05,-0.0017906,0.00097067,0.00043708,0.00061288,-0.00030643,-0.0010359,0.0020224,0.00057861,0.0022141,0.0014749,0.0019649,0.00033441,0.0029567,0.0044587,-0.0074303,0.0016276,-0.001134,0.0012298,0.0015902,-0.0010444,0.00033168,-0.00072572,0.0017227,0.00013422,-0.0011367,0.00036554,-4.2217e-05,-0.00057152,0.0010871,-0.00010861,0.00084011,0.00073406,0.00063134,-0.00061986,0.0023385,-4.9483e-05,-0.00080239,-0.00085262,-0.0012461,-0.0040822,-0.0015452,-0.001634,0.0001888,-0.0014838,-0.0012788,-0.0005531,0.0011674,0.0020132,-0.0019111,-0.002412,9.6719e-05,0.00076099,-0.0028908,0.0011182,0.00021932,-0.0023594,0.0012976,0.0011804,0.00084627,-0.0018219,-0.0018874,6.5988e-05,0.0021468,0.002837,0.00089248,0.0007208,0.00034903
0.00062701,0.0023947,0.0015661,0.0016426,0.00073275,0.00047822,-0.0015216,8.1643e-05,0.0024692,0.00080751,-0.00086555,0.0018086,0.00067259,0.0014594,-0.0014232,0.00047737,0.0010944,-0.00099961,0.0024592,0.0022559,0.0016605,0.003158,-0.0013666,0.0023555,0.0031609,-0.0012759,0.0001402,0.001777,0.0002518,0.00017918,0.00071658,0.0014861,-0.00073367,-0.0023051,0.00025775,-0.0018334,-0.001213,0.0026526,0.00038041,0.0012738,0.0041239,-0.0016036,0.0025049,0.0003572,-0.0014974,-0.00037353,-0.0014176,0.00083495,0.0013835,0.00096778,0.0010648,0.00098964,0.0036115,0.0012164,0.00015102,-0.0040608,-0.0024214,0.00027061,-0.0005245,0.0040776,0.0010008,-0.0019074,-0.0013464,0.0071071,0.00078582,-0.00035519,-0.0012632,-0.0015726,-0.0047399,0.00095065,-0.0026036,-0.00046534,-0.0014668,0.0008561,-0.00045763,0.00077951,-0.0015677,0.00031709,-0.0019903,0.0011055,-0.0022673,-0.0020053,0.0023543,-0.0036907,0.0036616,0.0024978,0.0033027,0.0031516,0.0026975,-0.00026534,0.0059101,0.00052824,0.0031777,0.00021521,0.0021024,0.00013415,0.00045896,0.00016655,0.00077076,0.0019615,-0.0023402,-0.0025072,0.00043967,-0.00080192,-0.0002775,0.0038836,0.0013085,-0.0049077,0.0012256,-0.0010918,-0.0045877,-0.0013615,-0.0010273,-0.0011597,0.0011619,-0.0014631,-0.00021349,0.0014101,2.8805e-05,-0.00037334,-0.0029916,-0.0021964,0.0018011,-0.00026198,0.0018356,0.0042314,0.0028335,0.0020686
-0.0017849,-0.00020139,-0.00021617,0.00080636,-0.00015448,0.0001199,0.0014945,-0.0015167,-0.0014229,6.198e-05,-0.00084099,-0.00040306,-0.002366,0.0013168,-0.0012544,-0.00061257,0.00038905,0.0011485,-0.00098279,0.0012168,0.00013339,0.0012105,-0.0020193,-0.0011479,-0.00022677,0.0021132,-0.00046039,-0.0010917,-0.00016756,0.00043311,-0.0033213,0.001977,0.00045219,-0.00094679,0.0010467,-0.0037181,-0.00060438,0.00044842,-8.6436e-05,-0.00039581,-0.001036,0.001511,0.00034178,0.001081,0.0012359,-0.00039826,-0.00040106,-0.00088679,-0.00088647,0.0011565,-0.00033093,0.00034354,-0.0016701,0.00042193,-4.5395e-05,0.0018071,-0.0030619,-0.001015,2.8349e-05,0.00011223,0.00084545,0.0012306,-0.00025522,-0.0014989,0.00081086,-0.0011906,0.00017766,-0.0014239,0.0013008,-0.001515,-0.00025486,-0.00043384,-1.4191e-05,-0.0012054,-0.0045363,0.0011098,0.00023448,0.00026264,-0.0012553,-0.0016402,0.0014441,-0.0015527,0.0023183,0.0018911,-0.00040309,0.0024317,-0.00087712,0.0017569,-0.0014602,0.0012705,-0.00044671,0.0025926,-0.0005234,0.0020262,-0.0012201,0.00014374,0.00058742,0.0023509,-0.0017779,0.0018053,0.0053228,-5.9287e-05,0.00055371,-4.0061e-05,-0.00065878,-0.00080521,0.00090196,0.00080444,-0.0006223,0.0025865,0.00050115,-0.00045947,0.0012473,0.00081421,0.0014311,0.00016836,0.0011899,0.00074964,-0.0010912,0.0018661,0.0026497,0.00035526,-0.00025832,0.00018629,-0.0018069,-0.0027596,-0.0013186,0.00084806
0.00010273,-0.00087067,7.3503e-05,0.00025631,0.0036198,-0.00033184,0.0024709,-0.00069094,-0.0015307,0.0020283,0.00071164,-0.0012842,0.0037378,-0.0016258,0.00048925,-0.0003294,0.00090559,-0.00094489,0.00013803,0.00052641,0.0010734,0.00081405,0.00094301,0.0013011,-0.0019688,0.00070162,-0.00096538,-0.0015358,-0.00026387,-0.00020566,-0.0017538,-0.00076072,0.00029336,-0.00044461,-0.00029976,0.0012751,0.0032404,-0.00074475,0.0020309,0.00060237,-0.0020843,0.00075468,-0.0018746,-0.00030613,-0.000401,0.0029514,0.0006667,-0.00027901,-0.00029334,0.0016145,0.0026245,-0.0019785,-0.0030509,0.00034055,0.0020534,0.0028038,0.0012019,-0.00033384,0.0027197,0.0017261,-0.00075541,0.00032256,-0.0012208,-0.0027316,1.6312e-05,-0.00097781,7.4349e-05,0.0018732,0.0066197,-0.0011919,0.00070731,0.00083545,0.0041965,-0.00066223,-0.0026931,-0.0016496,0.0025165,-0.00073483,0.0022215,-0.001988,0.0018217,-0.00064551,0.00044701,0.0019282,0.0013187,-0.00016756,0.0016575,-0.002631,0.0011475,-0.00088863,-0.0015617,-0.0015605,0.0015554,-0.0010888,0.0019906,-0.0003302,-0.00039483,-0.00031008,0.00061557,0.00071439,0.0053694,-0.0002965,-9.5589e-06,0.00069633,0.0021667,-0.0022446,0.0004455,0.002864,-0.00011043,0.0016688,0.0037545,-0.0017473,0.0010772,-0.00069493,0.00087684,0.00013476,-0.00024578,-0.0019871,-0.00070061,0.00095574,0.0019037,-0.0014911,0.0014961,0.0024553,-0.0023745,-0.0012025,-0.000429,0.0020099
0.0011174,0.00027635,0.0015752,0.00012222,0.00028882,0.0016004,-0.0012168,0.00075741,-0.00032288,0.00067602,0.00042012,0.0010268,0.0018847,0.00074445,0.00091415,0.00082534,0.00049448,0.00050744,0.0013985,0.0003183,0.00017961,-0.0020367,0.00061015,0.0019892,0.00078828,-0.0015036,0.0005912,0.00041135,-0.00041379,-0.00018712,-0.00051111,-0.0026825,0.0014931,0.0004883,-0.0025817,0.0015433,-0.0010984,0.001428,-0.00017009,0.0004085,0.00083258,-0.0014918,0.0003423,-0.0011984,-0.0032341,-0.0012684,-1.5612e-05,0.00034997,-0.00071734,-0.00036086,0.00076074,0.0012885,-0.00082714,0.00011207,-0.00039093,0.00065603,-0.0010959,-0.0013616,0.0017043,0.0013498,-0.00026706,0.0002083,-0.0013133,-0.0013437,0.00026009,-0.00056086,0.00015099,0.00027752,-0.00022116,3.2497e-05,0.00079929,0.00045812,0.00025814,0.0025462,0.0042893,0.0018891,-0.00072571,0.0012579,-0.00027562,0.002431,-0.00017318,0.00033212,-0.0014642,0.00067921,-0.00029601,-0.00028496,0.0011209,-0.00080959,-0.00078139,0.00026312,0.00029382,0.00066679,0.00021328,0.0012539,0.00028156,0.0013376,0.00072002,0.00072017,-5.3562e-05,-0.0008614,0.0051723,-0.00027419,-0.00061671,0.00041462,0.00055571,0.0016878,-0.0011685,-7.7105e-05,-0.0012946,-0.0021685,-0.0023866,0.0012203,-0.00048868,0.00040316,0.00025673,0.00080613,0.0024241,0.00048742,0.0001055,-0.0023825,-0.00094181,0.00035243,-0.0016897,-0.0014283,-0.0013411,0.0032599,-0.00018186,1.9165e-05
0.00086864,0.00051162,0.0018742,0.00091099,0.00045187,0.00038357,-0.00075124,0.00027822,0.0024537,0.00037848,-0.00061886,0.0013671,0.00043514,0.00090382,-0.00091198,9.0374e-05,0.00060985,-0.0007707,0.0020717,0.0017257,0.00050239,0.001182,-0.00065427,0.0021157,0.0013146,-0.00099994,0.0011596,0.00092469,0.00015949,-0.00029795,0.00072815,-0.0005583,-0.0004462,-0.0015076,0.002534,-0.00063173,-0.0018442,0.0022034,0.0012164,0.00088059,0.0020648,-0.0020381,0.001121,0.00063172,-0.0016139,0.00016778,-0.00085289,0.00062271,0.00057174,0.00044119,0.00065337,0.0012001,0.0028039,0.0042977,0.00074377,-0.0014537,-0.0022133,-0.00028282,0.0017829,0.0017725,0.00186,0.00053118,0.0013926,0.0030484,0.0015647,0.0015955,-3.1796e-05,-0.0021478,-0.0023717,0.00064554,0.001223,-0.00097031,0.00057331,-0.00018477,-0.00067089,0.0012179,-0.0023184,0.0010919,-0.0034638,0.0040995,-0.0010362,-0.00085217,0.0019787,-0.0023449,0.0011514,0.0010219,0.0021809,0.0016285,0.0020749,-0.00051324,0.0042717,0.00011014,0.0013811,-0.0013589,0.0020434,7.9955e-05,-0.00063608,0.0016081,0.00019314,0.0013958,-0.001426,0.0043558,4.3275e-05,-0.00027371,0.00084958,0.0027814,-0.0010787,-0.00012665,-0.0013929,-0.00090145,-0.0025581,0.0015884,0.00078366,0.0010915,0.001041,0.00029834,0.0013555,0.00083796,-0.0002689,-0.0012428,0.00082484,0.0013096,-0.00041877,-0.00069191,0.0015185,0.0039088,0.0018613,0.0011083
-0.00085883,-0.00017102,-0.00019376,0.00047474,-0.00067399,-3.865e-05,0.0013602,-0.0021852,8.08e-06,0.00065408,-0.0006357,-0.00062223,-0.0016755,0.00039614,-0.00024554,-0.00013327,0.00045297,0.00068248,-0.0010354,0.00018126,-0.0010175,0.0017663,-0.00075073,-0.0019525,0.00028582,0.0014445,-0.00075717,-0.00036699,0.00018561,-0.00024916,0.0009308,-0.00036995,0.00035279,-0.00011189,0.0023884,0.0017364,-0.00034066,-0.0014958,-0.0010889,0.00043333,2.6145e-05,0.0020221,-0.00048981,0.00096375,-0.0017259,-0.00086365,-0.00027562,-0.00063829,-0.00037624,0.0006732,-0.00092677,0.00034482,-0.00052689,0.0021604,0.0023355,-0.0020336,7.3082e-05,-0.0019802,-0.0007027,0.0028264,-0.00039107,-0.00044177,-0.0039721,-0.00019334,4.3404e-05,-5.9293e-05,0.00065128,0.00038678,0.0016364,-0.00029464,-0.00014502,0.00032232,0.00058579,8.3476e-06,0.00072241,-0.0040383,0.00062565,-0.001659,-0.0012893,-0.0034662,3.251e-05,-0.0013575,0.0018818,0.0017315,-3.5558e-05,0.0011043,-0.0015845,0.0014376,-0.0010439,0.0011455,-0.00036211,0.0019693,0.00012097,0.0013902,-0.0013079,6.7519e-05,0.0014711,0.0031833,-0.001397,0.00086558,0.0046013,-0.0011366,-5.0728e-05,-0.00028887,-0.0024702,-0.0015273,0.0010298,-0.00042598,0.0019698,0.00021461,0.0003448,-0.0021837,-0.0011581,0.00018759,0.00018599,0.0005786,-0.0013932,-0.00079921,0.0016771,0.00014834,-0.00030571,0.00021721,0.0017093,0.00018551,-0.00084612,0.0022321,-0.00064812,0.0011173
-0.00043141,0.00041954,-0.0003522,0.00097947,0.0028154,-0.00013781,0.0020771,-0.0007577,-0.0016821,0.001447,0.00024471,-0.0010074,0.0029133,-0.0010387,0.00022611,-6.8916e-05,0.00064146,-0.00073975,0.00024463,0.0010117,0.0018498,0.0012559,7.177e-05,0.00089451,-0.00062563,0.00064657,-0.0012946,-0.00059878,-0.00018961,-0.00015364,-0.0001528,0.00034337,-0.00013431,0.00029155,-0.00052211,-0.00090654,0.0023123,-0.00052862,0.00082767,0.0011336,3.4389e-05,0.00057665,-0.00073173,8.692e-05,0.0010342,0.00021176,0.00051014,-0.00021355,-0.00011897,0.0013017,0.0021728,-0.0017683,-0.00035866,-0.0013012,0.00038064,0.0013517,0.001748,-0.00097543,-0.00050315,-0.000983,-0.0023898,-0.00044603,-0.0017548,-0.0025639,-9.1494e-05,-0.00037355,0.0002572,0.0020664,0.0039026,-0.00083601,-0.0023335,0.00099284,0.00050779,0.00055117,-0.001605,-0.0015292,0.0015272,-0.0011783,0.0010517,-0.0053861,0.00079789,-0.00089167,0.00028318,0.00053233,0.0021637,0.00077902,0.0015489,-0.0011993,0.00089129,-0.00077681,-0.0010472,-0.0010273,0.0016369,0.00022891,0.0014214,-0.00030355,-0.0024874,0.0016555,0.00053552,0.00066858,0.00070433,0.0016728,2.1022e-05,0.00017879,-0.00036175,-0.0019664,-0.0018722,-0.00098021,0.000874,-0.00034125,0.00087899,-0.0030104,-0.00096797,0.00028147,0.00047147,0.00041144,-0.001138,0.0010905,0.00050662,0.00086908,-0.0011603,0.00088932,0.0024942,-0.00018767,-0.0030042,-0.00070926,-0.00041793,0.0020394
0.00022711,8.261e-05,0.0004607,-0.00010677,0.00050864,0.0018133,-0.00018764,0.0015701,-0.00095852,-0.00075752,0.00037058,0.00052205,0.001207,0.00099474,2.1316e-05,-0.00014889,0.00043814,0.00036324,7.0074e-05,-0.00010062,-0.00056428,-0.00093439,-0.0007217,0.0006455,-0.00010457,-0.0010058,0.00096907,-4.6007e-05,0.0003674,0.00020234,0.00077274,-0.00048602,-0.0010396,-0.00024689,-0.00075457,-0.00034163,-0.00077735,0.0015838,-0.00089334,0.00016358,-0.00016437,-0.0011457,0.00037252,-0.00068555,0.0013237,0.00017172,5.1072e-05,0.00035172,-0.00085306,-0.00020006,0.0009563,0.0013334,0.00012038,-0.0012435,-0.0007875,0.0013543,0.00064769,0.00086803,-0.0029327,-0.0001933,0.0013094,0.000242,-0.00088079,0.0019091,6.5593e-05,-0.00028173,-0.001457,-0.0003009,7.393e-05,0.00013037,6.8507e-05,-0.00098662,0.00096798,0.00080864,-0.004134,-0.0014284,-0.00038298,0.0014841,0.0010757,0.0017374,5.3399e-05,-0.00034958,-0.00036217,0.00034158,-0.00066081,0.00059962,0.0014422,4.8272e-05,-0.00050974,3.9172e-06,0.00038008,0.00059927,5.3288e-05,0.0012526,0.00041956,0.001161,0.00051933,0.00012921,9.3712e-05,-9.4504e-05,-0.00079572,0.0027578,-2.7203e-05,0.00035188,0.0015813,0.0016088,0.00010843,-0.00076112,-0.0010989,0.00087682,-0.00020628,0.0016839,0.00078384,-0.0013084,-6.2336e-05,0.00026619,-0.00023022,-0.0002219,-0.0020038,-0.00071801,-0.00048363,-0.00091789,-0.0001353,0.0030979,0.0032951,0.00098272,-0.00039045,-0.00043452
