Species,Fanning,Swimming,TemperatureMean,TemperatureSD,OxygenMean,OxygenSD,Temperature1,Temperature2,Temperature3,Temperature4,Temperature5,Temperature6,Temperature7,Temperature8,Temperature9,Temperature10,Oxygen1,Oxygen2,Oxygen3,Oxygen4,Oxygen5,Oxygen6,Oxygen7,Oxygen8,Oxygen9,Oxygen10
Acanthopagrus_australis,0,N/A,23.605371,2.562232365,216.2333808,10.51588965,20.88071229,22.53291352,22.660024,27.53674506,21.17681406,22.26799644,24.79837987,21.04752352,25.22460554,23.65021146,231.513678,222.3486881,212.755468,241.3665744,198.4830055,203.9571396,216.2571345,220.5750776,202.37731,206.200815
Acanthopsetta_nadeshnyi,0,0,7.082355155,4.738529016,311.538441,34.07124312,6.46496694,6.969391372,1.184316023,8.090870276,-2.613685235,0.679218494,6.022193004,-3.80962828,5.738590409,10.50421698,350.2604348,311.7256922,269.1403894,314.9874895,305.6705067,287.6982876,248.9306845,309.5841032,237.0624931,280.8824538
Acanthurus_nigroris,0,N/A,25.31483395,0.783689535,211.6688082,3.614511928,24.20969277,24.25223626,26.05924928,25.95154176,25.43950994,24.85671564,26.19118605,23.0197483,24.53189939,25.40992099,212.1263147,213.2369716,206.4618578,207.6779858,206.3846072,213.0842031,211.3379367,213.0530117,213.5602307,211.7487392
Achirus_mazatlanus,0,0,25.88162428,2.901530165,213.7019522,7.477152406,25.59704278,27.64015378,34.07806248,24.66708444,25.27561889,26.40765086,27.17987146,24.9769034,22.20671454,26.56248111,212.9538724,217.0358604,227.9892758,216.7098659,205.5965407,201.1205001,215.1312116,212.9333493,208.4872851,217.2412848
Alectis_ciliaris,0,0,26.23352761,2.674971179,209.5729319,9.271107963,25.95084361,22.93229947,28.05703403,27.87723382,26.46321024,24.96926639,23.51787302,24.13110525,22.71592867,25.76352704,226.2099811,209.5822706,211.2119955,224.1936933,201.8394469,190.5222035,213.6435184,206.1969923,196.4817953,202.2565085
Amblygobius_bynoensis,1,N/A,27.82862135,1.266951334,203.5944431,3.53413214,27.35493973,27.44836452,27.47395372,27.33552372,28.78863118,26.45597726,27.71269734,26.50622251,27.43245924,26.16981176,200.1615115,201.3844497,203.9371757,203.9606934,202.3567086,197.3151567,211.2250151,204.8454402,192.9619404,200.2139496
Amblygobius_phalaena,1,1,28.31187827,1.492786274,202.9610895,4.282778548,27.67257263,28.62636442,28.54163605,29.32662403,30.70152109,29.36592818,29.13973921,28.52870782,27.75954341,30.04302379,203.8737611,208.1162589,199.3790556,212.1447633,212.2501812,201.0769077,205.5702144,200.5542263,206.2143128,199.4056903
Ammodytes_tobianus,0,N/A,10.56523739,2.654472916,295.3163056,33.93907879,5.291719096,13.06761755,13.28639683,12.63788573,10.6209936,12.0807598,6.369788054,12.21161512,12.0482226,13.12738366,311.0213791,279.7335057,315.5778857,305.1396835,345.3024402,278.2621438,293.269992,306.9309983,297.2497215,350.3458916
Ammodytoides_gilli,0,N/A,28.01041458,1.334891241,210.0682729,4.114517075,27.93488101,27.41747915,29.00197305,26.68325243,27.71776497,28.64924313,27.63928695,28.93168269,28.14341409,29.14357274,215.2404813,201.2087582,210.3275353,212.6688047,210.7871321,211.9253208,207.7515662,208.2396362,204.9626807,209.1221473
Amphiprion_clarkii,1,1,28.2649824,1.828270083,203.6478057,6.290787911,26.83769401,29.28523808,30.28395189,27.02842928,29.76417904,25.25555118,27.86690413,26.00556725,27.67732945,27.04547416,201.0135154,202.078667,198.0797605,207.1484236,212.5823834,209.7418989,205.5836564,205.341642,211.1367217,206.9633875
Amphiprion_melanopus,1,1,28.69303873,1.225165333,201.5731066,3.154224542,30.37286535,28.42561625,27.48788801,29.39301833,29.82069726,28.99304808,27.59899306,28.72593178,29.68994047,29.34515602,201.369784,199.5581917,198.639205,193.7084161,199.8512194,202.445196,194.3624794,197.9281871,200.8223351,205.5093395
Amphiprion_ocellaris,1,1,28.90327879,0.78519915,201.9459021,2.300321699,29.45565076,29.71894581,28.26791547,29.36275288,28.76310727,28.30488852,30.19241999,30.54392216,29.42606756,27.57401635,199.360331,197.7911366,198.5364709,203.0054973,204.068628,203.4561236,202.2000925,200.3325907,204.6662148,200.3670863
Amphiprion_percula,1,1,28.82357487,0.967520669,201.1137311,2.19862812,29.09624359,26.91042664,28.74426393,27.45887615,28.9610346,28.68950179,28.29521998,28.59941052,29.15216515,28.99912988,202.0853209,201.8430052,198.3261043,202.7503689,197.9444063,200.6279391,203.6911593,198.7754612,202.3264764,201.0566133
Amphiprion_sebae,1,1,28.64496596,0.891327744,203.383904,6.646410129,28.8060893,27.9306258,28.24371897,28.62957102,29.25629594,29.59759975,31.57672568,27.82361899,29.37130068,29.72972982,196.6936084,201.0821252,185.690357,191.4478611,210.8284542,201.1282788,217.646941,196.1096477,205.3082957,211.1046596
Aphanopus_carbo,0,0,14.13059039,5.002129333,262.070996,27.113616,17.92865715,16.85947504,10.03858544,12.65144764,20.09222315,21.74507768,15.6743612,14.84592204,14.96233052,10.22458317,200.0625486,249.785849,253.8151066,230.5858827,243.113344,274.7936886,281.5530885,258.9170291,332.2415592,253.1630603
Argyrosomus_regius,0,1,19.78121758,4.72286956,237.8915185,25.91384668,18.85854214,20.08594771,23.72972834,15.81973085,25.00984107,16.28202276,24.38444083,22.48502427,21.60950481,25.01794531,304.0836228,281.7591013,278.8415729,246.1061856,252.8987115,183.1496226,215.4841957,274.073647,269.5980868,218.4306779
Arnoglossus_capensis,0,0,23.64205504,4.533670963,218.8555163,14.06912264,26.14167185,20.34401803,16.93171642,23.61626628,31.9220257,29.05293157,24.3085145,13.03264466,23.95342636,17.75620191,202.0467238,197.1265531,211.4931006,225.7787329,224.0937485,211.3077286,229.3296044,198.8392239,196.2652109,207.0458122
Aulostomus_chinensis,0,0,28.5960837,1.320886352,204.5416116,5.032841258,29.59792091,28.16000459,29.45484067,28.98127531,27.02433926,29.06022705,27.7663032,28.30498859,29.91653432,28.82184017,197.5125088,209.6036261,215.5615472,201.1308538,204.2494025,216.3028185,204.8427173,201.2271541,201.8009514,210.2914665
Austroglossus_microlepis,0,0,16.86949902,1.397308814,238.6191902,16.32515253,14.95443655,16.94716106,18.06829533,14.53376928,16.65410465,14.0887494,16.95709716,15.97264703,17.48044815,14.43790699,259.4565126,240.2186506,236.267616,242.5040063,231.8375222,261.8881998,223.4525284,233.7732978,240.5458954,244.8877066
Balistes_capriscus,1,0,22.22725099,5.764906067,227.6058676,27.69602916,14.99520965,24.6914878,18.07918577,14.0005287,15.98220927,17.72458851,18.15917145,25.48562252,14.48445636,20.49330487,295.1970933,219.1883875,193.8597897,214.5864975,262.835692,217.3704453,219.1308993,219.3710087,175.8391314,232.4849652
Bregmaceros_atlanticus,0,0,26.22257872,2.983502671,209.1336549,10.53868726,25.49289864,24.4213307,26.21415032,27.25668142,28.03590316,26.13573806,31.91559099,21.1396143,25.05025429,26.56082936,209.3182942,212.8509485,233.6069304,195.9120485,212.7905245,207.539693,191.3381241,203.8944753,210.6253491,200.8741655
Brevoortia_patronus,0,0,25.23583605,1.451158084,214.4512477,8.884012532,24.35339277,25.42184239,25.29725591,24.49881086,24.77485349,28.25391105,24.77590474,26.05635213,25.98556458,26.97588323,200.6828105,198.5657307,217.2866309,216.6096224,213.8496946,225.8154669,202.2026345,199.1707479,206.9265419,224.6849023
Callionymus_sagitta,0,N/A,27.21813367,4.403429314,210.367961,20.41143716,28.76373711,30.34728421,25.26453625,37.44683854,28.17483412,29.63304401,33.42915846,27.94565926,31.3942091,25.17816886,221.0208,224.1083327,224.1651869,204.2151932,191.5570929,226.6908448,191.3414295,167.5046766,165.2407223,222.5776438
Calotomus_japonicus,0,N/A,21.48026325,3.040548901,225.9635829,14.90019913,20.58332211,21.70315557,14.36966893,20.311684,23.96718672,20.1906962,22.97273791,30.60859555,21.32220885,23.26355881,220.9454175,240.9535801,237.0165503,230.6883631,238.3782616,209.9855225,244.5844075,226.2463586,226.2742257,218.3171333
Caranx_caballus,0,0,24.99494726,4.176204732,218.1881318,15.91149582,19.37113303,29.13778231,20.65678015,24.76261557,25.75057564,29.91178365,27.46615664,27.8690279,25.08606526,33.82764388,201.7550352,189.9921278,214.1927197,214.2108027,237.0593474,227.0641819,253.4128995,229.7794675,222.7384063,211.6533742
Carapus_dubius,0,N/A,26.68092879,1.826551756,210.8342046,4.102377117,27.3030548,24.39636285,26.51139207,27.60718448,30.04387772,25.3220614,26.8870647,28.07723256,28.90027597,27.24916777,205.3793974,204.3125425,203.0636866,208.6638739,214.1168918,217.994496,208.6123673,216.1944,213.8470724,214.5786612
Caulolatilus_microps,0,N/A,24.57740826,2.18162466,215.7567915,8.656767487,29.89299889,24.4646739,28.41520668,26.14157687,24.03443057,22.08506971,24.33318169,24.82671313,26.31644153,19.39748605,205.7538807,207.6772768,210.3401674,212.7438949,207.224564,201.9308033,224.0395931,211.2784256,220.1186563,223.2822196
Chelidonichthys_lucerna,0,N/A,17.44020388,4.920952549,247.5328694,25.70805933,18.78601601,17.05419765,12.96066863,13.80207477,17.9414119,13.42456994,13.01868923,13.5710573,19.77752098,9.341286272,286.098571,269.3434642,299.120577,296.9797872,251.9868085,230.331101,269.7996537,216.5085546,310.5425987,249.2175522
Cherublemma_emmelas,0,0,24.77758634,3.84837016,217.635943,12.93022322,20.80641737,24.05713864,21.36046414,17.39037179,22.01897637,27.60024429,27.43023424,23.64594175,20.05486207,18.37929976,227.9073319,207.3910463,202.4526814,234.7864079,245.4556957,211.2804777,202.3148479,217.1022786,230.0569993,221.0851813
Chilomycterus_schoepfii,0,1,25.63030294,5.099897719,215.9203464,26.01920025,21.71693253,28.27838805,28.02777758,24.25517942,34.0570189,13.71680243,25.45305737,21.45177356,29.16855686,37.79062237,242.4049221,223.3414368,182.4333592,235.1866655,180.3714197,201.440662,194.4613478,264.5764753,158.7821626,188.9226269
Chloroscombrus_orqueta,0,0,24.09053762,4.447340071,218.4620643,16.27441386,21.54298303,23.32173269,20.17814967,23.87412735,27.32861768,25.98201063,23.08365656,22.6754985,29.6320476,22.18209047,199.9986332,216.0229802,220.1649366,210.652904,225.129709,220.6944118,212.5476409,240.2334543,198.2875632,223.8339589
Chromis_chromis,1,1,21.38637618,3.394555241,229.252507,16.87488715,25.15694383,22.71301118,22.2778708,15.17215213,23.48678253,18.19619705,23.56641054,21.55241077,24.08639381,22.34970365,261.4886197,241.7995546,228.9860947,214.0577563,264.4348449,244.4299639,265.6781264,195.7742047,218.0562699,215.2916137
Chromis_dispilus,1,N/A,19.14443944,1.341729541,233.9241962,4.097150867,19.14758167,20.92394307,20.22764297,18.85237579,19.75086368,19.38302496,19.84870854,16.73986179,20.95858892,20.92984008,231.8386262,233.8375398,232.4280872,237.3448187,239.8553786,230.66157,234.0064077,235.331312,225.5763646,240.3565185
Ciliata_mustela,0,0,10.68641845,2.372132689,282.819424,13.4175988,9.591439502,7.451040652,10.67585238,7.547357407,13.0859755,12.46419701,7.23096864,13.80408021,17.10922793,12.50459965,279.4332818,292.9277252,292.4935992,288.8088945,277.4824724,286.0731695,267.4080103,282.8103452,254.7091445,282.3488895
Citharichthys_arctifrons,0,0,20.43524757,5.810878965,231.6897706,25.20912247,17.7441177,22.30493709,16.13454451,27.07903904,23.95224452,25.62720006,20.28424447,18.70055423,24.18143842,17.09629004,225.3807228,232.6927514,219.8275606,224.8535858,231.4282045,204.6793586,249.6178905,212.6990846,278.9931449,231.8835729
Citharichthys_fragilis,0,0,21.16307962,3.30464097,229.9994585,17.82758836,23.68472775,25.0126942,22.44195515,24.75818619,27.39327043,19.17323432,23.01162956,22.7792046,19.4161413,20.10736817,229.9012159,209.3098782,225.329478,220.0152132,210.8948832,222.3258317,236.9831281,226.5875649,251.4141373,244.1745208
Citharus_linguatula,0,0,21.76651257,3.072727191,224.7379557,10.66921888,20.28571393,21.56651991,16.96206346,15.29803152,25.12950719,19.72499056,23.98225729,21.12338867,28.70564554,24.91520756,212.6575696,239.0116496,217.494439,222.7925198,216.6017775,244.0699836,204.9892158,219.7056017,251.5192892,225.2144003
Clevelandia_ios,0,1,15.1958082,3.598139733,260.9580966,21.07268823,20.91485456,13.8081676,18.75066378,15.18412911,16.74268464,17.02085168,11.49098734,23.42820102,12.13006692,15.40251483,271.4700005,251.1483288,266.6385791,255.2581501,276.0284498,295.9715908,284.5681106,231.1880134,264.919324,265.8413642
Coryphaena_hippurus,0,0,25.56021586,3.161517938,212.0805463,11.39910584,22.70427739,24.659285,23.60203613,21.64454773,26.12262405,24.87828713,25.60749269,27.87268215,23.72488484,30.96685024,219.6647583,211.1219359,217.8310218,215.4075709,203.6372093,213.8223818,207.1198351,203.8007998,218.7375653,209.0995201
Cottus_hangiongensis,1,N/A,12.06152083,3.535630689,273.3513689,29.6372355,11.04105474,9.872060574,14.3700595,14.89309579,10.53590745,6.858919245,13.26084713,15.83545855,16.63072073,10.31439417,242.2469645,284.2584391,290.2039093,254.0904125,272.6233042,293.1310078,308.0518324,263.4042026,265.1425969,283.5210623
Ctenolabrus_rupestris,0,N/A,15.73666004,4.424878668,261.3011676,35.13621049,23.24703373,17.49071287,10.28281661,13.39137788,16.4796176,10.78156696,10.41806671,16.39304965,24.86026263,24.51232172,317.755073,234.5981193,294.4788365,215.3920209,288.4504627,205.0662073,253.9317237,297.980032,269.5594841,237.7222796
Cyclopsetta_panamensis,0,0,25.49054342,3.572750909,211.9959818,8.214504835,19.26624472,22.72826924,23.33407948,25.58543145,24.47650303,27.20606097,24.35791877,22.8119285,23.74123865,28.44311574,207.1067884,194.9704936,208.8458296,224.8945102,208.4435478,219.2564839,209.6723938,191.732729,217.690863,231.1984683
Cyclothone_microdon,0,N/A,16.09924738,9.887133966,257.996751,50.41117468,20.15466085,33.86451531,10.26398247,29.71112887,28.00011731,18.46728865,7.466476486,32.91731896,16.25699587,14.96937929,273.0263333,342.0978111,252.2956217,290.5472993,258.7857562,237.9340725,305.6635349,244.7727207,282.6422599,248.6032673
Cypselurus_comatus,0,N/A,27.65663768,0.701458928,204.1599955,3.06392027,28.32324836,26.64907159,27.09771416,27.38946244,27.37515315,27.51588482,26.48593242,28.11733282,27.97994461,27.63615372,206.8454796,202.1870562,199.5399101,207.2200671,202.9264557,205.1633835,203.0347549,203.4837955,200.3603891,200.6653474
Dascyllus_aruanus,1,1,28.33398439,1.343831054,202.6911274,3.729183002,28.88193155,28.64134245,28.25215935,28.69437313,29.10188005,29.7196016,30.70025314,28.50241908,27.84106032,28.3099944,199.5007007,207.6786468,202.294594,199.2158504,206.0996161,209.6707679,203.9970759,196.8687643,205.3099637,203.6554388
Dascyllus_marginatus,1,1,27.92185614,1.311922249,200.5039168,4.667566937,26.59976497,27.82569247,28.19640809,27.45845505,29.64859657,29.41580462,27.43911256,29.20762344,27.17783596,28.46916874,211.8269424,201.9283302,204.2238622,194.7603856,201.8423633,195.7452035,195.518456,202.7195338,195.5150067,190.1266702
Decapterus_punctatus,0,0,25.97382485,3.470089516,210.6039173,13.05233786,23.12561168,33.58966845,25.50790619,26.98456847,23.38381459,24.99300477,28.14091018,29.80686118,30.29032581,21.49983272,199.044244,197.4697753,190.3043434,206.9053906,218.8165511,223.6291925,216.9118949,196.4039452,193.4296259,207.2691916
Dicologlossa_cuneata,0,0,21.28843076,4.21075592,228.3194906,15.85766984,20.89188763,28.2917158,18.1556951,22.15827597,18.23108835,22.05393985,20.0844408,15.02435725,19.95808324,25.60239679,237.48155,260.3733548,214.6028073,231.0848677,254.4967569,221.1943908,237.7963173,231.4739279,271.6595757,249.6638027
Diodon_holocanthus,0,1,27.52778021,2.375592706,205.6347122,8.846248212,30.02371005,25.60852429,26.22004214,27.2077072,25.30715951,33.2788039,24.88019857,29.58389067,30.59097891,32.23330233,196.8003365,206.2340242,201.2631125,192.2185687,203.5320742,199.3360456,195.1592566,208.9130271,196.8034361,207.317655
Diodon_hystrix,0,1,27.5343199,2.444200665,205.4546431,8.898880062,31.64122599,27.28621785,26.215514,26.84905462,23.3428324,22.98130359,28.60318353,27.90638002,27.51480981,31.64446928,213.3852176,200.9063344,196.1689697,220.0053018,214.5474844,209.7475298,197.2819096,216.7304889,217.6979035,210.7279675
Diplospinus_multistriatus,0,N/A,25.63078368,3.245225757,211.9573357,11.97817551,28.14655921,26.13023651,21.82090661,24.83659737,26.90795746,28.7623742,25.48973959,24.85610092,24.40204025,28.81036681,202.8022487,220.6776233,217.0867896,221.8559731,193.7379681,218.5892001,209.0981975,210.2159324,220.737485,187.2242625
Elops_affinis,0,N/A,24.01541303,4.469835594,218.6378675,16.41782903,22.07356355,23.68581044,30.80354657,26.51415702,25.53676862,21.9864395,12.18102594,27.09909363,23.30333414,23.08080523,235.9385627,225.3826408,209.5682718,217.2193649,216.5126229,246.9739284,236.1805767,229.6388511,218.055539,243.3447799
Engraulis_encrasicolus,0,0,18.52185658,5.936713354,246.0329535,35.63762169,16.53638057,16.08831592,22.57206605,21.1482263,14.23979874,16.56755899,18.64825573,13.47039684,20.8069782,32.65411061,232.5439353,283.66707,241.6667816,282.373642,242.4479893,224.2213374,199.5173748,212.5495778,297.3205356,218.127166
Engyophrys_sanctilaurentii,0,0,24.92285601,4.364032562,218.4654483,16.6116144,21.71505885,19.57017723,28.30544746,26.30189565,27.75562295,31.40043122,23.42505277,22.99470863,23.90200994,22.96158322,229.965842,194.280051,195.9979349,228.98366,233.9534169,248.7617518,210.7311068,206.3745924,209.6222401,201.7810657
Eopsetta_grigorjewi,0,0,13.02834728,5.135240209,272.0134907,33.9486325,20.35055651,14.72781336,-2.058288751,8.139693034,18.13115479,21.77588901,16.44769811,7.013223257,11.40116777,13.68383235,258.7464326,300.9393902,286.4241564,290.0508734,264.3061866,337.6956849,310.7770603,268.5914619,272.7606136,291.1032829
Etropus_microstomus,0,0,16.78214543,3.965771788,243.6306783,21.70999023,19.52654034,13.75875402,12.79515626,16.65422046,16.83373081,23.51376899,7.41839937,17.56828451,19.32432443,11.74781137,267.8943158,227.5313557,244.6614715,256.4200056,229.8030131,256.2127708,237.8130434,237.2431339,279.1417441,265.7899033
Euthynnus_affinis,0,0,27.87676742,1.948693523,204.1167833,6.143945868,28.87856045,30.02231539,25.22908856,30.70928297,27.05772346,27.35115393,30.1455506,25.67621746,30.3414965,26.73626716,195.7742278,210.9475476,198.7255619,218.0766577,199.1349759,204.5064476,211.1445633,206.5275505,195.1020914,204.6516618
Eviota_prasina,1,1,28.50336918,1.274923409,202.3874847,3.701795432,24.52470971,27.19456185,30.64276186,28.31629065,27.99997826,29.50165215,27.87461409,28.41415002,28.3758285,28.36137342,197.8785105,207.0350759,206.793715,202.4475559,200.3688304,202.6374448,210.0475471,204.7869113,208.9547503,203.6159546
Fistularia_commersonii,0,0,27.97990748,1.774484649,203.9886566,5.468589782,29.48810664,24.76797684,26.74828527,27.24675094,26.55105824,27.6281278,28.1598386,26.31197177,30.2428324,31.8336961,207.7131576,202.8894967,199.7735295,212.8426907,200.2144873,203.3419783,198.5234088,207.5590835,204.3600835,200.0361016
Forsterygion_capito,1,N/A,14.07774384,3.244844545,263.9147594,20.32291148,20.04499224,10.71715648,17.90697158,13.27357031,5.006127717,15.69908523,17.65660593,15.17698427,18.03977669,9.762940349,260.2932173,241.1302448,257.9256191,253.4599846,279.5239993,310.595108,279.8431106,263.4530253,233.1559891,257.0447739
Gasterosteus_aculeatus,1,1,8.710162574,5.879189902,307.1478275,42.49150264,3.775635959,9.670598365,3.769909759,0.740301389,11.22647925,1.495618588,16.91180912,19.93992187,12.02182476,7.351031866,347.8919956,302.176678,289.7778627,278.7438628,293.7730924,364.5562789,340.1118053,303.1481513,320.9862994,333.4070148
Gasterosteus_wheatlandi,1,N/A,7.839340565,2.638407624,311.7267741,24.15760709,7.496632269,9.593894457,8.555737402,8.117684615,11.302585,8.941749462,6.538332436,8.544111792,6.268702338,6.666529706,330.4241626,342.1115495,318.1027504,342.8022366,294.4022966,310.1190412,297.9862767,330.4096509,294.2521461,267.6480021
Gempylus_serpens,0,N/A,23.59626047,5.137439855,220.4688977,21.81832461,27.37199356,20.18076755,23.19764365,20.44564905,33.102417,25.33426078,14.34698538,22.25093643,25.55359913,21.56682782,253.5096101,230.4776617,222.6361075,236.6899935,207.5657736,195.2939114,211.2902508,172.9320646,208.5548666,226.3007722
Genypterus_blacodes,0,0,12.13984257,4.016760859,274.0864533,23.2847066,11.04504808,15.77919029,14.28787212,6.488938071,10.42303568,9.642561055,12.06943727,14.45836801,11.52719731,19.62456701,264.8110009,271.2084887,305.0208458,294.0622488,282.7064457,258.8341057,267.3706883,282.7673528,283.064802,312.5378702
Girella_nigricans,0,N/A,18.05973015,3.490326088,244.5812148,18.41423662,21.35451595,17.71332362,18.30243027,19.26503322,22.93449329,15.50203907,18.07983716,22.15673896,24.55891039,19.49377806,231.5896058,243.4079495,222.3937527,254.2478041,253.6946092,283.9233007,223.6618627,252.0178995,250.6577364,251.5195252
Glyptocephalus_cynoglossus,0,0,8.958246802,3.515153372,295.0148438,24.88184157,14.59973796,11.26740307,7.251541771,11.22353103,6.323821319,10.60481525,6.727191568,13.16770478,6.175295795,5.434328928,315.1097272,308.6872445,279.3729619,247.41675,327.0831138,299.1766614,257.7771086,333.1143694,282.3926698,272.2613186
Glyptocephalus_zachirus,0,0,6.344889358,3.394951973,316.8829338,23.31442469,4.812870078,5.002029896,1.802533276,4.864771297,15.24842961,13.55894979,3.676681372,9.235563046,9.5706805,-2.440259778,331.2458225,293.7337987,263.6686339,340.995839,354.8164323,328.7215207,307.6254227,342.740036,307.4324508,279.9013557
Gobiesox_strumosus,1,N/A,25.11448948,3.063587625,212.7692184,11.83337695,23.13562259,22.39485234,24.10286269,24.85778981,21.07385123,24.43034485,34.80918824,27.17976369,26.7481183,20.78449582,223.7294878,226.9525499,194.6852382,223.5550558,229.9223868,215.9836576,213.9286752,198.455724,214.4095604,219.8453583
Gobiusculus_flavescens,1,1,10.99810805,2.648997139,297.3465727,37.9895966,12.71272201,13.42403336,10.23034373,11.60060049,10.50853487,13.60339322,10.97854274,9.550295634,11.7086881,8.661200862,298.1553759,326.07691,319.3168825,303.6468799,273.1773286,262.9215849,292.2588883,367.5911345,346.0220183,259.7704267
Harengula_thrissina,0,N/A,24.01541303,4.469835594,218.6378675,16.41782903,28.25693355,19.67288243,18.41995736,20.40685338,21.8832848,22.74170138,25.19797339,22.7964256,22.04311288,24.77428241,206.7430195,224.6733427,240.4660099,230.7085279,240.9254343,194.5179816,185.4038009,212.1451192,211.3851537,192.1401774
Harpagifer_bispinis,1,N/A,7.889603629,1.178978357,298.9152669,8.296087361,7.795259059,7.179368013,7.236158629,6.144433003,9.315413502,9.870666461,7.176524056,7.609948796,9.651756101,7.051124675,298.4278004,297.116171,304.2248262,301.7855219,307.8676525,303.1088428,295.1365809,288.5972075,300.7587082,293.1170076
Hemicaranx_amblyrhynchus,0,0,26.5026156,1.827789458,208.9427776,7.933950387,28.05158768,28.87600272,25.77608401,26.75981435,24.94961938,26.78524243,25.48092977,25.26804611,27.58229315,27.35377484,209.7098026,210.319106,227.3841195,209.8547045,202.3349895,213.5943829,217.9445125,212.9543562,198.8548732,232.7976764
Hemiramphus_balao,0,N/A,26.68367287,1.982792432,207.4711127,7.255952307,26.96159608,27.82918305,27.70022193,27.57215097,27.51566473,25.10223185,28.88565438,27.16932858,26.31600019,25.57072415,207.7147049,203.5492959,201.0387368,205.6243729,202.6796252,201.6179137,203.1187247,213.6785846,204.2765766,206.0452079
Hemiramphus_brasiliensis,0,N/A,26.91730723,2.289492997,207.170137,9.254446695,27.78235852,26.8165041,26.60037589,27.77183416,27.84773467,20.51670982,27.86726277,27.41799906,27.89578564,25.75434989,210.6898135,203.8935186,208.9581402,213.5274605,197.7996737,209.6572534,196.376407,208.5759269,184.4674832,203.2731753
Hippoglossoides_elassodon,0,0,5.811598315,2.650505156,319.9230713,20.36271633,6.31802204,7.216717423,4.22251666,3.104191928,7.001777821,3.222498713,3.029010735,6.990999768,8.103628738,11.32637394,328.4980889,326.2646209,326.5136706,313.2398692,283.0925923,312.2717271,320.4202225,318.0272442,334.3468533,323.8720574
Hippoglossoides_platessoides,0,0,4.346820525,4.811599795,327.2663222,36.17830919,10.06608828,1.634379568,5.879526086,8.102747145,9.507015802,5.885007484,6.371938925,-4.635319772,-1.055272876,-3.052354455,350.4767756,345.7587807,317.0553212,372.4455993,339.220495,315.6256404,304.5380152,333.711774,299.5380511,340.541608
Hippoglossus_hippoglossus,0,0,6.220434084,4.132031811,311.8586173,30.77550996,0.791439062,-2.005595977,3.368694517,-1.888883802,7.173878005,9.567880401,8.844776756,-0.454855305,-6.929522751,-0.660912217,318.1148236,313.7710156,302.5228439,307.5788704,268.0674801,298.0707742,318.4242195,344.0771762,342.4800027,327.735526
Hygophum_proximum,0,0,25.82087944,4.17940302,211.9508199,16.95226368,21.87341231,25.06566457,24.26763885,25.54439257,27.30054549,20.75077845,14.56917938,30.18456718,25.38527497,21.2767501,190.5330855,213.3132935,213.5105453,230.3307327,209.2131294,198.557313,202.4282331,245.9068422,229.7241163,248.364149
Hymenocephalus_italicus,0,0,24.53604024,3.79121438,215.2510836,13.168442,23.63439672,26.86596091,21.85344663,30.03336251,28.56296335,25.8050555,28.29040348,24.73213812,21.98759608,23.04007084,190.6847832,223.7115538,227.9447944,223.2195366,219.3835297,193.0390653,240.2067339,207.3929314,204.328699,217.8659385
Hypsypops_rubicundus,1,1,18.75173521,3.86843084,242.0025074,19.14332572,23.33702775,23.07589554,19.47811628,17.32786678,15.94413602,15.43220578,18.70648926,15.91183949,18.14219519,20.4989417,251.6022141,237.9986567,219.3961633,263.2336378,249.5525506,244.4137364,274.4317898,281.1338985,232.0760995,237.7227963
Istiophorus_platypterus,0,N/A,24.80124093,4.174840881,215.2859495,16.92466944,18.37477724,24.77190748,18.6543325,22.06917531,30.47862399,23.49791973,20.68650159,15.35473454,20.06011724,27.64951181,206.430481,210.0119483,201.235864,243.4242625,238.8604938,216.3253259,221.650274,202.8121688,206.7258791,217.8893361
Katsuwonus_pelamis,0,0,24.70874907,4.278159385,215.6906848,17.08644957,25.07503903,31.32910531,33.45266982,22.42944236,20.40021867,19.00921223,19.02516663,21.2904505,16.60799172,29.40623562,206.9680592,180.5067252,235.4808566,200.9571275,206.0757989,230.0339908,177.713544,195.5494195,201.7960185,195.3753635
Lactoria_diaphana,0,0,27.18963186,2.929406807,206.5653278,10.0206195,27.71172148,27.79230971,31.03198773,27.32977353,26.69447493,30.81499721,29.52843702,27.84956624,28.50127199,24.24740859,191.6211472,209.1469519,217.3504754,210.2873279,213.1695594,216.0953077,209.8456378,182.4940111,211.4397092,210.9808128
Lagodon_rhomboides,0,N/A,23.32987899,4.998957233,220.3383595,21.28945413,24.29561573,24.42292333,32.51440313,23.17824422,16.44624777,29.62104372,22.04335394,26.25141545,19.87233042,27.0179752,201.0954109,168.4374602,230.763654,226.5469437,182.9962545,223.0200054,221.5409303,279.3299851,225.7291086,217.0969239
Leiostomus_xanthurus,0,1,23.61211714,4.333006665,219.0137777,18.20559596,28.72141455,25.49999763,27.21456038,27.66800576,24.15670676,29.96739039,20.78904173,22.670177,15.41049261,23.92420291,217.4395505,226.5492467,227.3328651,218.8960723,226.4816355,187.1149905,215.8474546,228.8063757,206.4351909,233.336993
Lepidopsetta_mochigarei,0,0,11.08598065,5.07521557,283.3522774,37.08385971,5.27016846,7.171666648,3.49700744,14.74846383,12.34768912,25.19376804,10.22295509,13.56832836,8.926471318,7.95541022,284.1266408,239.4795952,249.0596014,312.9082009,289.8831857,312.2186576,341.4564583,376.3115948,333.7522249,240.9443916
Lestidiops_affinis,0,N/A,25.57211286,2.349798927,210.9550729,8.195339275,21.65933909,26.37831854,23.79327021,25.88102352,24.8109625,26.31456543,24.55785093,23.20062253,29.11280572,24.0819402,201.9997,209.2281891,219.7752096,194.6993733,194.432442,206.1090332,219.1978458,206.1473694,206.0747165,215.1581274
Linophryne_arborifera,0,N/A,24.274332,4.888790861,218.0035141,21.35020601,31.24555014,13.22929302,16.09278449,29.81727135,32.51662112,25.93785445,26.9239018,22.58694808,24.97211308,26.51471334,247.9589715,217.3921285,221.2209463,195.176905,256.9609722,223.0305743,205.1981496,195.0569182,205.0043815,208.9517907
Lutjanus_peru,0,N/A,24.0615375,4.429071131,218.4458583,16.27889012,23.49322999,25.63829161,24.45947696,29.63789415,20.29967524,27.0912838,24.87562522,26.05899472,23.95143247,19.43034436,216.0400106,210.1098361,209.459196,218.2020366,237.6111721,219.6314352,215.015834,216.6020444,217.5062117,241.6959499
Lutjanus_russellii,0,N/A,28.30183805,1.439262884,203.1774612,4.199681158,27.30556183,26.04850155,25.69769971,27.08554282,27.91821206,27.71225765,28.01131161,27.73382766,26.98984163,27.99978977,206.2424793,199.1861584,202.2704338,207.4434546,200.7879573,205.2529539,204.4467019,203.5255614,201.6832199,201.4288943
Lyopsetta_exilis,0,0,10.37084735,3.861830328,290.462013,23.98791389,13.63895461,15.27665818,16.72946942,7.813242731,8.794260634,13.58818357,15.45258481,18.06847937,14.37759213,7.095238286,294.8222646,298.7721358,258.1612866,264.3145472,298.4955199,319.69731,250.2645035,252.0526788,259.4327452,274.7387197
Merlangius_merlangus,0,0,11.4766118,3.297930768,281.624678,20.02633057,12.51353225,13.28691081,9.757527718,9.635844069,5.329787227,14.02945578,10.74303401,14.60508811,8.927876229,12.46033447,290.9516706,289.9754969,276.5492262,264.7831179,295.7180284,271.5846914,285.3184184,273.0382104,279.132383,288.3261608
Microstomus_kitt,0,0,9.598988295,2.619278401,294.0379226,24.03191497,6.843456848,9.763671775,10.03091556,10.77932462,11.07811969,7.103005812,11.83408163,11.98471714,11.16950359,5.901406409,265.2491993,264.2559898,321.7323627,312.1151829,288.8317656,343.9353682,266.7319531,315.3389804,266.594248,288.6294767
Miichthys_miiuy,0,N/A,17.79443533,3.583140615,250.8265886,23.72231381,21.41307831,19.68400836,18.22682486,11.68237614,22.64112482,12.63821364,13.36521409,17.05669559,15.82318683,22.52956343,257.8526915,212.4417458,254.7901937,250.3241857,217.2041529,222.7095906,278.1046828,260.8047699,213.2901251,236.1672469
Mora_moro,0,0,17.21260551,4.715842326,246.8097626,24.19796995,16.21520063,14.27440326,21.14506711,11.2848037,17.11165496,10.91366563,11.16107481,13.29397403,15.67271178,16.73652136,199.9842339,251.705862,238.8417498,244.7999117,293.757957,247.6888346,235.2594977,234.7855529,308.4205178,284.1222672
Myoxocephalus_quadricornis,1,N/A,1.75034931,3.426206002,353.9769,24.29509685,5.406379886,4.476466367,-0.626288211,0.933564296,5.450483839,1.994695114,-1.915168235,-4.409264683,2.016621167,5.198123914,350.0723543,374.1422601,335.4708273,349.1353434,355.8482773,384.3014552,368.0991733,347.6471534,363.0030844,315.9092621
Myoxocephalus_scorpius,1,N/A,2.046261769,3.933685414,349.8868342,30.22134912,4.216603782,-0.397913993,-2.985596281,-3.979613344,11.49267567,-0.601814583,-1.240951085,3.428745013,4.979042063,5.994324076,316.5704276,392.2935908,364.6370761,341.7008692,327.2876381,372.3979557,304.8158534,426.3408836,297.8479694,355.410046
Naucrates_ductor,0,0,25.49587056,4.904191254,214.0660619,21.65346884,27.34148734,15.29213142,32.74945224,27.80470134,25.22251863,36.09660242,28.33600438,32.29854087,20.53291046,29.34282583,213.3303805,226.7294561,201.3680256,261.122393,214.7297811,194.7982197,237.7188778,248.3567271,260.3396453,213.9993823
Neogobius_melanostomus,1,1,7.040664913,0.388971956,371.3364472,3.246166855,6.889347133,6.859668348,6.607073032,6.2108314,7.172722594,7.319251979,7.136843417,6.754745107,7.09117436,7.027635538,371.7031376,370.1611373,371.0019957,366.6679655,366.2895792,371.2773891,374.0015209,375.5767921,374.5901015,372.12958
Nezumia_aequalis,0,0,18.69471512,9.180940784,244.0705873,46.00708743,24.29577433,20.75351599,24.97903793,21.62512334,27.12118675,26.93058012,-5.049324237,21.06303064,14.20423876,25.93971858,178.9716814,194.9009492,263.0333998,212.0236081,262.7659886,190.8538303,272.7685704,233.2839396,201.3804475,154.6085894
Nezumia_sclerorhynchus,0,0,22.34455511,4.836632073,225.0920953,20.05847272,32.2388318,25.70124586,21.46947298,15.38385944,26.46623398,21.49717762,22.19829706,18.86129071,28.69428227,21.7887484,225.0898017,248.3032914,194.4616439,246.2259056,223.948656,184.4116645,210.4201481,243.4296771,251.8276404,228.6607115
Nomeus_gronovii,0,N/A,26.01320939,3.886856918,211.114132,16.57058867,22.18888817,26.38223144,32.57797406,30.80838135,21.18166641,31.32903339,30.54332155,21.64539991,33.90325001,23.33893488,208.2103734,207.9350192,212.7378922,203.5996075,204.7133262,188.9974634,218.637532,254.7530767,226.5413798,227.6775642
Notolychnus_valdiviae,0,N/A,23.56749453,5.432606255,221.1227022,24.20047784,13.1432446,19.69303807,15.56363286,20.21866948,18.45490301,20.75946788,24.12095241,16.2911485,29.40447812,28.10717284,237.7638584,174.8691189,196.2821757,267.2398641,244.9746226,213.6742668,193.251339,209.2823025,229.9074638,246.5513868
Ocyurus_chrysurus,0,N/A,26.49818705,3.086308137,208.5515568,12.68842385,27.25263764,21.31451322,24.89462284,25.16049931,28.95444312,26.3875964,24.18026475,23.03689443,31.09586658,32.02023477,196.8803098,192.291138,190.1890264,217.4214843,217.9186246,216.7578975,194.1937966,215.9090115,209.2206829,222.8806957
Oligoplites_saurus,0,0,27.37657596,0.690340356,203.1214021,1.509644224,26.91124909,27.99187241,28.19964635,27.35503676,27.29900941,26.63488192,28.52963668,27.22820286,27.09361458,27.71641994,205.6110273,203.2057369,201.8531563,203.5376798,202.7599266,200.5079119,201.871973,205.1152995,202.5101103,203.438994
Oncorhynchus_kisutch,1,0,7.860107393,3.529237283,303.6454796,25.56623282,4.610148052,9.316635927,1.92902411,9.844714462,0.789534104,7.507937208,-2.601863285,3.845881182,10.30406487,10.21644567,292.2643926,327.8602718,301.7112488,320.2588573,320.3917435,307.6160991,248.4954248,220.1214337,307.4081172,338.0252545
Ophichthus_rufus,0,0,20.43528474,1.364197175,227.9994477,7.423664243,21.02410835,22.48132067,18.71906142,20.69720144,20.82511821,21.74010987,19.78918771,19.29419554,19.63282537,20.49215762,227.4690014,226.2995982,220.2653858,217.4820439,229.3413153,235.6234178,235.49062,222.2464465,225.6652078,226.2993894
Ophichthus_zophochir,0,0,23.86092257,4.611951928,219.3709255,17.37167624,29.86698308,22.6048268,14.98294733,22.80357462,26.83301609,23.68955773,24.2859205,27.86968096,22.70098452,27.23596638,216.446051,214.1452185,231.0012874,226.8406757,201.1150236,223.2472841,225.324763,194.845881,200.8086222,235.7960989
Opsanus_tau,1,N/A,18.7515194,5.604259554,238.2352901,28.20422055,11.00748994,6.634596451,9.339259017,18.57611807,20.50427726,23.27627783,14.05475875,26.06772192,22.06807391,20.69933203,256.6133076,233.1877274,205.8033379,241.668764,203.4433313,269.6287637,213.5484924,245.4578292,235.2840026,255.1083587
Parablennius_sanguinolentus,1,N/A,19.16859455,1.968354942,238.2936348,17.4521749,17.31759443,18.92258049,19.47572989,19.11629373,16.48087607,19.03175213,20.43328777,17.26995043,17.72279881,20.53426743,229.4111149,234.894,238.1410628,246.4053547,243.8995986,254.4314116,257.9781137,239.9837681,250.3426276,223.3665753
Paralabrax_clathratus,0,N/A,18.42938556,4.078567271,243.2703805,20.36249947,7.747397592,16.85124559,20.7906466,18.54121691,21.17435578,13.88419595,9.891839272,16.48817228,24.57714663,11.79533222,242.5566,271.5278244,255.0018977,243.3803977,228.9913368,233.6257298,215.0217281,259.2426183,225.3260906,211.3901343
Paralichthys_dentatus,0,0,17.76935664,4.56460979,242.507207,24.82152484,18.24761619,10.89965202,23.13695951,20.02557722,10.45918857,25.69140043,27.73910537,14.86604812,14.31507346,18.54274583,227.3955158,236.6997967,243.495514,203.6297345,260.3935496,250.1395972,250.6151371,326.6582532,261.1231556,204.0976932
Parasudis_truculenta,0,N/A,25.16540568,5.501456864,215.3568833,26.0366958,33.21618285,21.41613606,29.43511804,28.70571613,32.30385894,28.43889289,36.14504228,35.95753068,29.75583149,15.02874415,203.8347409,217.0852317,248.8747015,210.4696254,218.6370091,223.7786435,197.4297046,161.6975491,230.3108846,222.3467893
Parophidion_vassali,0,0,19.90418825,1.152574404,230.3991491,6.93897663,18.77353372,20.58636008,21.64804908,18.84738822,21.94973179,18.8667433,19.97522656,19.39263412,21.29515932,17.89022777,238.3377607,222.3523778,213.0219567,237.4953819,237.1835672,224.5433501,235.2912029,239.1201045,225.2486226,226.4313046
Parophrys_vetulus,0,0,8.256226002,3.567361042,304.3478242,23.89101562,9.154749611,2.931984034,5.820184802,6.773677011,7.87312999,9.643789312,5.907385584,3.306480234,10.8998081,7.299026683,298.3026558,317.5220168,291.2343563,314.0117203,319.7660166,304.3523724,309.929277,315.1229,305.6781383,256.0709448
Pegusa_lascaris,0,0,19.52161054,4.677555164,237.990561,22.63842071,13.25971983,20.6515983,15.77596065,25.24798803,22.96127047,15.37478371,22.06761683,18.02353579,21.67664226,21.07245369,257.1603167,255.3874861,260.0613701,216.8962559,228.788834,226.8082391,262.5841053,227.4262039,252.8254813,197.9167703
Pelmatolapia_mariae,1,N/A,28.52483339,0.566156767,211.7913116,3.334101906,28.41026737,27.93881168,28.86412831,28.45970664,28.34895656,28.18199985,28.4239504,29.01342483,28.27428143,29.52212668,211.0567526,214.0523095,206.1926414,215.220007,217.3518142,213.4364867,211.8393469,211.368627,205.3717522,213.7635107
Platichthys_flesus,0,0,10.99241072,4.475596919,286.5510907,31.74268477,14.31227354,11.40997042,-0.339563501,11.26385613,15.27510711,5.795510309,14.99808262,9.363313414,11.04115598,12.42028099,336.0205285,288.4633016,296.1565838,263.9665694,291.1839093,222.8733616,329.6624855,260.6421844,284.9503856,320.5615705
Platycephalus_indicus,0,N/A,28.43424382,1.182420519,205.2171751,11.00664381,29.18506101,28.72717794,28.09881238,29.09253651,28.64920854,29.76071888,29.21488703,28.26589978,28.41755975,27.15360445,201.7027979,195.4888778,199.4002234,216.9697661,210.3389638,194.6745781,204.9320853,224.0097422,197.0144925,226.7046211
Pleuronectes_platessa,0,0,10.32279864,3.979713634,291.2005596,29.19812323,20.60962899,8.151381377,8.996130186,16.00500176,7.678030488,15.96019338,10.3204812,19.95314777,5.882112397,12.22420256,286.9726022,280.1767212,366.3280625,264.1647226,325.2575613,292.8927595,327.5679029,299.9190065,286.3404433,307.7985539
Pleuronichthys_coenosus,0,0,14.5353744,4.781843849,265.7846415,26.84480292,2.764494697,15.37001607,19.53847589,17.61209743,15.06705404,13.77341885,21.12548288,15.83050998,22.97102387,19.74665351,283.4132666,246.3888287,305.8113848,271.0844014,258.6016,260.7380312,258.910612,290.5233991,254.0773108,249.4919984
Pollachius_pollachius,0,0,10.36615565,2.487519895,285.9668683,21.9381585,9.80422433,7.88719999,15.58401849,5.807204982,7.163616016,10.84288531,7.503618168,11.59941148,12.81151414,13.63580439,275.0696571,266.808383,288.0197968,263.9363904,279.5900308,277.0429179,282.239888,281.524132,265.7131724,265.6164611
Pomatoschistus_microps,1,1,11.8403263,3.300206546,289.1612253,34.50044783,17.75983519,10.65495068,16.15887857,7.050271789,11.55729025,12.87794576,8.95570302,11.89634143,11.6107852,12.01373119,330.1859399,255.6607335,302.2277732,310.4450892,351.0940241,250.3266918,267.767548,295.9599887,317.610237,323.6771085
Pomatoschistus_minutus,1,1,10.72583072,2.987991884,304.3440131,39.155949,4.279813867,10.73352939,16.52299305,9.3375827,12.83973925,11.98088144,16.31472465,11.90918031,12.72554615,9.063070231,277.1458227,358.4497797,330.4315816,314.5061838,375.7105945,287.2993058,302.7362982,323.7718084,320.0934358,245.761048
Porichthys_notatus,1,N/A,13.80807943,3.556421063,269.0954708,21.1224731,11.0412857,8.811676887,11.7507565,12.58676109,10.77969865,15.74508529,11.92052374,17.8718449,12.34984123,14.04878951,275.1278813,268.5252329,235.7275147,243.3162712,273.1741082,259.2746355,217.8632493,264.9598169,281.6975541,276.2653889
Prognathodes_aculeatus,0,0,27.66620935,0.801684466,203.6674637,2.568577995,27.01157624,27.79685892,28.20304178,30.69592503,29.08302668,28.3276693,28.47295739,27.13645802,28.35414978,27.02275409,203.8537549,205.9984623,207.337021,205.9883569,204.8369238,195.8347877,204.0889707,209.1803545,202.4600454,206.4355499
Psettodes_erumei,0,0,28.35484669,1.156856006,202.9340808,4.928082305,29.541498,26.57097771,27.57640303,26.85606498,27.91099903,28.36840247,31.21655199,25.63692797,28.68516574,28.5741524,204.4034081,197.4814589,207.9395291,206.274446,197.6717313,195.6542621,196.5664431,202.5231162,196.4976635,207.2290685
Pseudocaranx_dentex,0,0,23.74515728,3.996315876,219.3506586,14.80226374,24.20788215,23.4561935,22.07701162,31.01456041,18.9202214,25.6234227,28.9262926,24.0468213,25.60673636,18.94748997,206.9802335,232.5225889,222.7014323,238.004328,224.3310045,203.3812452,225.5453575,207.1870032,243.4132177,223.1464236
Pseudopleuronectes_americanus,0,0,7.291805439,4.575871884,313.705122,34.42879797,3.394598156,-2.075538705,5.864600863,10.11329004,9.14603801,4.51343126,6.853789473,6.965410471,6.083540727,9.531233986,336.3774048,349.2640614,269.3976476,299.2451343,361.7082817,329.4991648,308.6867689,321.4459201,335.0780891,285.8601649
Pungitius_pungitius,1,N/A,3.750272133,4.022831601,347.1582317,27.58091188,0.404542559,7.633684959,6.630539693,7.010051779,5.407167954,-0.93396714,1.390699274,2.848619611,5.992377639,1.531537023,353.523144,376.7006809,364.0928042,306.137961,376.935502,368.21706,360.3596621,356.9660189,413.2111069,333.5825588
Raniceps_raninus,0,0,10.68888782,1.963289547,300.3579757,37.02189623,10.47355218,12.71565186,11.99084149,8.758613236,13.86766648,11.38225707,11.52353897,11.63279056,15.13178756,9.187621117,310.1947088,269.3189451,303.003024,280.8693339,265.2102219,291.2074253,319.6950973,231.9856129,240.3956497,348.9613579
Rhombosolea_plebeia,0,0,15.5335363,2.002398357,256.9562672,15.7984455,15.66054377,14.74451114,10.7851306,18.69839644,18.82918646,13.87009891,18.8295491,14.00836325,17.1276156,17.50277326,256.2247717,281.5517447,241.1117493,261.7918493,221.1063911,261.116244,284.9663194,270.4810444,236.3625415,259.2978201
Ruanoho_decemdigitatus,1,N/A,15.11315916,2.580395481,258.0931325,17.72557482,12.01026267,14.74377751,13.64966204,14.6119229,16.27695585,16.59024222,14.14710304,14.87367719,13.2532686,12.40940878,308.8123277,240.7280997,237.2337532,261.9986821,234.5138579,294.3550944,230.2207411,241.3788653,249.5746062,228.851587
Sarda_sarda,0,0,20.45773797,5.236751887,234.2444284,25.11430182,16.12304596,17.63376969,19.2297297,19.81132102,22.11650813,23.54540534,26.43459139,17.33935096,17.82284235,14.64656128,243.9970444,247.4068797,204.8965913,210.7006951,208.7599406,202.4107681,257.3059662,245.7700999,218.8290917,210.358576
Sardinella_aurita,0,0,23.66697571,4.379820992,219.9977905,19.55460333,17.91347892,20.92816887,21.05257513,24.20401994,20.71232829,25.82223569,32.41880976,19.92749881,27.52164601,29.59845033,210.7931258,200.4910977,197.1011432,192.4693661,246.1587912,242.8240859,226.7839456,203.6223699,200.2996036,240.2794162
Scomber_australasicus,0,0,22.85664222,5.867510962,222.6111362,24.18145244,18.47405231,30.7023586,20.09176878,13.54253859,25.40144731,19.92963031,20.29549828,12.2147417,10.95089228,18.02361491,235.0681559,234.7185792,192.7053469,259.2677252,249.1775284,212.3885582,237.1081481,224.0421835,242.2601616,252.9776933
Scomber_japonicus,0,0,20.51193718,5.622895926,233.5813192,26.37194985,27.45223756,27.0213817,17.58956042,20.3230603,20.30033332,29.41286229,8.340858784,20.63062315,12.06490959,38.93832217,240.6764741,231.1796926,219.0476903,228.7101984,276.7501822,243.7570115,245.8335524,253.4404999,268.0451765,224.6103206
Scomber_scombrus,0,0,14.57419333,5.481720127,263.4147562,36.19178663,22.54027118,7.836043968,6.278743534,20.55605465,10.84910956,17.21092479,8.369213329,13.83495307,16.71753726,10.90419619,277.9057461,313.6616825,236.2781662,276.8430184,268.2243869,259.9671172,296.1019671,218.810611,154.613088,254.2407645
Scophthalmus_rhombus,0,0,15.55884873,4.580193544,260.2647548,32.79440868,21.92444335,12.42104757,9.91909122,21.37720564,19.68927908,16.98893884,19.82046641,11.22912443,17.62276774,17.24980488,209.0096049,207.8293426,258.1675452,228.3576606,188.5289002,217.2276163,223.3155148,280.4903064,293.960738,299.2859769
Scorpaena_scrofa,0,N/A,19.98843472,4.372329832,233.2444337,20.56361448,26.20959753,16.7639856,15.57206551,26.93114862,13.72970583,21.43248444,27.21747707,19.93084397,21.99269829,13.88377265,226.5870493,257.8179259,260.6715899,223.5114119,261.5387748,241.7040749,234.8961372,245.597546,232.3695396,216.1725092
Selene_peruviana,0,0,24.02476929,4.425673205,218.6606617,16.26554193,22.43247808,26.51406752,25.85640321,29.70452724,16.2309231,26.92409905,13.97274027,23.38521528,23.24978525,23.51345684,239.2008173,214.0060154,169.5152149,223.5554695,238.102273,231.2170132,213.3947685,205.1062592,237.1938877,237.7646239
Seriola_zonata,0,0,24.49843441,5.015769755,217.1017094,21.89888618,28.11760221,24.34589817,30.16035848,26.29375588,26.73574256,25.84870868,28.03436854,21.95471557,25.66285047,27.05616849,222.6024914,213.0317329,227.5855317,228.8801513,234.491791,191.5091867,216.5339088,219.982572,244.6948206,218.4675157
Sphyraena_barracuda,0,0,27.80357674,2.037244061,204.5957281,7.882254642,28.64925734,24.79268136,27.83685975,28.55154283,30.17023292,26.23916235,24.97003089,28.40124025,27.03639414,28.62012125,198.9960376,208.3799798,185.1688638,212.555073,203.8796793,195.2931065,213.2399623,198.3807897,211.0084717,203.5674774
Spinachia_spinachia,1,1,8.714461132,3.548318756,312.4739594,35.96677537,12.69306764,15.76557032,11.45111108,13.02749373,9.095315742,5.54110629,12.76057912,10.23684465,4.089674767,7.710900957,322.5385369,336.143801,342.583162,340.4252011,322.0875725,304.1516917,325.644773,339.0516399,286.9775504,345.3114019
Syacium_micrurum,0,0,27.11700718,1.552826569,206.4959963,6.727816074,27.48594609,26.62607199,26.79220341,27.20390681,26.83563103,27.01335448,26.72434817,22.99747481,24.56672713,30.17756297,204.973747,211.4197826,193.0897577,220.7008222,204.4354068,209.691587,205.3882376,206.9335991,210.0355952,214.8797861
Syacium_ovale,0,0,25.49384522,3.548457799,212.0728116,8.159220342,27.1915407,25.78982023,28.04830123,29.63390315,28.72916511,28.41818295,24.92516727,21.28414123,23.41210858,26.06425334,217.924619,214.1709131,215.2922833,218.3061872,208.4094455,213.5447833,222.5874643,220.414956,221.1432065,211.0092748
Syacium_papillosum,0,0,26.72588674,1.962672218,208.1281359,8.592620619,30.39966294,28.72249076,23.65769889,28.08496169,26.25907103,26.28459803,27.22294449,24.88391808,26.49050277,28.47724981,197.6953981,201.8911995,220.116778,209.5654127,210.3874655,202.4396856,184.7794751,213.5337209,197.5882014,220.7578058
Symbolophorus_evermanni,0,0,25.71918946,3.344480832,211.8379892,12.30940962,30.73727168,20.63094916,24.82087943,26.63181137,23.93962434,23.8787042,25.64538654,29.17293513,25.76819569,28.75391541,212.410754,231.1696192,198.8918184,202.2875614,226.543175,225.1790754,226.9546272,216.9466759,215.6942496,224.3963758
Symphodus_melops,1,N/A,15.56393936,4.587453872,262.8170178,39.88260547,16.11780552,9.934641733,12.56030747,18.88747068,9.646594784,14.9008232,13.1831061,18.88640319,24.67455514,12.65418148,266.0427777,256.2366444,298.1988098,300.1471569,242.189533,266.7359752,283.8639044,299.7252292,289.6011737,294.2717979
Synodus_foetens,0,0,26.30654453,2.713702689,208.4021415,10.36188871,28.00563699,27.86117483,26.27159427,27.84411292,24.36269503,21.74494402,28.09604068,25.31872469,30.86177293,21.90685883,212.223449,211.9978232,205.8918869,197.2661192,210.2584652,213.9230678,224.4931511,199.6523572,209.5451178,208.71505
Tautoga_onitis,0,1,13.92304246,4.548249078,262.9198024,28.52823911,14.93899451,13.61627142,19.46092203,9.12984097,15.45089728,13.90598368,23.2978202,13.16050655,17.936855,17.58693323,250.888253,256.2087375,254.0787867,323.7033853,279.8237113,291.9184954,229.8140083,276.1848464,190.5210235,242.7282281
Thunnus_albacares,0,0,25.24675447,3.496111797,213.3533266,13.06197261,27.89350891,33.81331265,22.88307347,22.64551864,31.27598578,19.33980406,26.96237273,24.49743957,24.19135119,18.40919574,218.957247,210.8425661,194.4927113,238.5009643,221.1512287,227.0732606,199.9209198,218.8186777,237.1494216,186.7961879
Trachurus_declivis,0,0,17.3523803,3.203205918,244.0106781,18.53455696,20.41905286,16.30984821,16.39073952,22.87102673,13.19187416,21.24365851,12.51518862,13.46978164,18.86404448,18.77614361,228.2619249,255.7744661,262.7084868,203.2855624,246.1027131,238.7596483,232.8103462,238.0514218,242.5470623,259.8900431
Trachurus_lathami,0,0,24.98969542,4.688941934,215.8125431,21.30127665,32.42818785,24.94025394,23.72454624,16.26144658,23.99512652,22.99579028,17.21573842,26.70798229,28.03376428,26.37159403,227.3933829,222.0977811,197.4261754,186.2369779,197.6828643,227.7613846,184.7390043,203.5521409,204.2766023,215.812059
Trachurus_novaezelandiae,0,0,19.45998381,4.128082861,233.8012036,19.08194763,25.92655148,26.6538956,20.76817051,19.12183383,16.75944975,14.80077443,13.44288998,17.2577026,19.69328737,23.13790579,238.763214,198.6684397,241.7514841,208.4155871,254.9379902,234.9024931,238.8092132,242.1494334,225.2246018,241.1710168
Trachurus_picturatus,0,0,20.14841672,1.424799519,230.2688328,7.985668578,18.31397743,19.8169108,21.25747014,18.89070446,22.87023344,19.06221602,21.58531957,19.54885411,21.77090155,21.31515197,222.6831728,230.5364403,237.3487413,229.6853832,229.9494577,243.6268043,235.8501989,236.3703975,233.0878124,223.9182678
Trachyrincus_scabrus,0,0,20.93169501,4.033510555,229.5291578,15.77307862,26.47488387,23.7327983,23.78481399,19.27948971,15.60940966,24.39201862,29.45385331,16.35833564,19.91116158,27.51829503,210.6986158,230.8770659,223.8919702,216.6019658,221.5868512,243.9119907,247.614016,243.1068921,233.0755093,193.2194903
Trigloporus_lastoviza,0,N/A,18.52390228,5.492926929,241.7562673,26.93665562,11.05073008,26.60116947,19.96328922,19.01658817,17.14600585,28.62592947,18.80324,19.45377848,28.21168147,14.17336306,231.8197026,268.6382839,255.1278481,234.8681557,235.137522,235.7682592,199.860059,239.959402,199.1563116,236.1416867
Uncisudis_advena,0,N/A,24.47294926,4.43498389,216.3153537,21.91714402,25.11111138,26.58542631,22.64167244,16.10619477,21.8143723,27.15207436,29.83998076,27.65551064,32.75845654,21.04017068,214.9290473,181.0533673,233.6600574,205.7520125,234.5086951,225.4554231,238.6741775,215.6014267,178.6236236,192.217415
Uranoscopus_japonicus,0,N/A,23.21644809,2.940162388,220.1145346,13.78484502,25.04334791,22.99255469,23.78852464,24.89300524,22.2556456,20.98860916,20.2708039,20.56906509,21.87899086,19.47056164,214.7682969,198.2951763,222.7786935,223.4505272,225.0938837,215.1064926,189.5458672,231.9384066,200.5205017,217.2660482
Valenciennea_longipinnis,1,1,28.54623214,1.289686658,202.2717141,3.416791513,26.08218044,28.14559527,30.7033905,28.55100525,27.17598035,28.08059044,28.57858486,30.27507226,27.1802539,28.32673233,204.7996198,200.093434,200.8917724,204.6984803,207.5518904,204.7098093,201.9582403,206.7701174,200.9022277,205.289919
Valenciennea_muralis,1,1,28.91917181,0.817521606,201.7326134,2.380860145,28.25506461,29.21796994,28.16184618,28.82323111,28.12426849,29.37832678,29.40316716,29.2752153,28.44682158,28.33858925,200.4184579,201.7044221,199.1118288,199.6520076,202.6390154,201.0091732,199.8870509,202.2979721,199.0635778,203.3011913
Xiphister_mucosus,1,N/A,10.11149988,2.071339001,291.6455012,15.475157,6.365182128,6.350476708,11.4192726,9.794429007,10.02074393,7.148929677,10.21029211,11.53021223,8.663356926,10.35459287,290.2366274,291.7866753,308.1835933,279.5252305,294.1826757,280.3653658,279.7183855,297.9579878,296.552606,304.2570494
Xystreurys_liolepis,0,0,20.74184885,3.577431322,232.0770966,18.93765617,15.68459344,17.93159219,22.46502552,22.83858621,22.67961664,22.34023256,20.1456,16.58136723,17.9956203,22.28761315,228.5364276,220.934584,236.2349991,233.6625317,223.8927341,240.602607,217.9555047,226.5496905,238.5237931,281.8400264
Zeugopterus_regius,0,0,15.10117303,4.249417974,258.5281502,25.63342779,18.44152601,10.25554184,16.01862878,17.98092989,10.25627024,18.77139171,19.31807793,18.65329919,21.21191805,21.69554149,308.2369979,253.3063315,259.0197556,234.4181658,282.2290193,295.3270123,276.2542014,241.7701256,289.2121895,261.0094747
Zosterisessor_ophiocephalus,1,1,18.69789357,2.182594062,242.8296072,20.98890982,21.20178364,19.44665334,21.56631207,18.02854844,19.97050062,19.81805318,18.4328018,16.58374445,18.48129301,16.57479767,251.2818955,193.0430886,239.0042254,236.0513772,254.8626119,242.4685872,279.2326095,215.4020037,273.5274079,242.3917693
Zu_cristatus,0,N/A,22.51241976,5.552351411,225.1071367,25.74681615,22.31244903,30.07684469,20.65517963,19.77569011,30.06645454,19.36954899,33.05700166,29.08568123,23.3189997,16.01983075,244.6329954,255.9407922,235.0259327,228.3084154,264.7633875,227.2030449,241.0263565,221.27858,229.5174771,248.6576792
