Order,Family,Genus,Species,Name,Sample,PC1,PC2
Elopiformes,Elopidae,Elops,affinis,Elops_affinis,A,-0.309145307,-0.042398651
Anguilliformes,Ophichthidae,Ophichthus,rufus,Ophichthus_rufus,B,0.199622084,0.008528342
Anguilliformes,Ophichthidae,Ophichthus,zophochir,Ophichthus_zophochir,C,0.025077062,-0.020658284
Osteoglossiformes,Notopteridae,Chitala,ornata,Chitala_ornata,D,-0.059270145,-0.056316451
Clupeiformes,Engraulidae,Engraulis,encrasicolus,Engraulis_encrasicolus,E,-0.219780292,-0.048882968
Clupeiformes,Clupeidae,Brevoortia,patronus,Brevoortia_patronus,F,-0.213112835,-0.064903427
Clupeiformes,Clupeidae,Harengula,thrissina,Harengula_thrissina,G,-0.21839177,-0.045165552
Clupeiformes,Dorosomatidae,Sardinella,aurita,Sardinella_aurita,H,-0.368186951,0.033894419
Gonorynchiformes,Gonorynchidae,Gonorynchus,greyi,Gonorynchus_greyi,I,-0.218602758,-0.034848923
Cypriniformes,Cyprinidae,Pimephales,promelas,Pimephales_promelas,J,-0.011080746,-0.015300706
Siluriformes,Loricariidae,Ancistrus,dolichopterus,Ancistrus_dolichopterus,K,-0.082093418,0.119009528
Siluriformes,Ictaluridae,Ameiurus,nebulosus,Ameiurus_nebulosus,L,-0.157671928,-0.030230574
Siluriformes,Ictaluridae,Pylodictis,olivaris,Pylodictis_olivaris,M,0.324678414,0.110601047
Argentiniformes,Argentinidae,Glossanodon,semifasciatus,Glossanodon_semifasciatus,N,0.015919652,-0.082993865
Salmoniformes,Salmonidae,Oncorhynchus,kisutch,Oncorhynchus_kisutch,O,-0.0753753,-0.059243643
Stomiatiformes,Gonostomatidae,Cyclothone,microdon,Cyclothone_microdon,P,-0.221681949,-0.014160014
Aulopiformes,Synodontidae,Synodus,foetens,Synodus_foetens,Q,-0.269850311,-0.003991988
Aulopiformes,Chlorophthalmidae,Parasudis,truculenta,Parasudis_truculenta,R,-0.210103555,-0.034611351
Aulopiformes,Paralepididae,Lestidiops,affinis,Lestidiops_affinis,S,0.171611168,-0.077389171
Aulopiformes,Paralepididae,Uncisudis,advena,Uncisudis_advena,T,-0.150417425,-0.0575271
Myctophiformes,Myctophidae,Hygophum,proximum,Hygophum_proximum,U,-0.399143639,0.072584208
Myctophiformes,Myctophidae,Symbolophorus,evermanni,Symbolophorus_evermanni,V,0.142950228,-0.169445594
Myctophiformes,Myctophidae,Notolychnus,valdiviae,Notolychnus_valdiviae,W,-0.250728852,0.035087225
Zeiformes,Zeidae,Zenopsis,nebulosa,Zenopsis_nebulosa,X,-0.149384907,0.048516448
Gadiformes,Gadidae,Raniceps,raninus,Raniceps_raninus,Y,0.304432384,0.052942498
Gadiformes,Phycidae,Urophycis,chuss,Urophycis_chuss,Z,0.079863731,-0.017626997
Gadiformes,Lotidae,Ciliata,mustela,Ciliata_mustela,AA,0.174277848,-0.014825986
Gadiformes,Lotidae,Brosme,brosme,Brosme_brosme,AB,0.224503126,-0.053591328
Gadiformes,Gadidae,Eleginus,nawaga,Eleginus_nawaga,AC,0.123371685,-0.024078502
Gadiformes,Gadidae,Eleginus,gracilis,Eleginus_gracilis,AD,-0.104602324,-0.085051887
Gadiformes,Gadidae,Pollachius,virens,Pollachius_virens,AE,-0.106817765,-0.09444298
Gadiformes,Gadidae,Pollachius,pollachius,Pollachius_pollachius,AF,-0.167067123,0.027613863
Gadiformes,Gadidae,Merlangius,merlangus,Merlangius_merlangus,AG,-0.182491134,-0.025145953
Gadiformes,Gadidae,Arctogadus,glacialis,Arctogadus_glacialis,AH,-0.179310458,-0.004259121
Gadiformes,Macrouridae,Trachyrincus,scabrus,Trachyrincus_scabrus,AI,-0.060736002,-0.026989645
Gadiformes,Moridae,Laemonema,longipes,Laemonema_longipes,AJ,-0.147250274,-0.024924162
Gadiformes,Moridae,Mora,moro,Mora_moro,AK,-0.205165641,-0.031269986
Gadiformes,Merlucciidae,Macruronus,novaezelandiae,Macruronus_novaezelandiae,AL,-0.046912194,-0.05788785
Gadiformes,Bregmacerotidae,Bregmaceros,atlanticus,Bregmaceros_atlanticus,AM,-0.112825261,-0.023273231
Gadiformes,Bregmacerotidae,Bregmaceros,mcclellandi,Bregmaceros_mcclellandi,AN,-0.192771883,-0.044229042
Gadiformes,Macrouridae,Hymenocephalus,italicus,Hymenocephalus_italicus,AO,-0.187713279,-0.025799954
Gadiformes,Macrouridae,Nezumia,sclerorhynchus,Nezumia_sclerorhynchus,AP,-0.055448314,-0.020325264
Gadiformes,Macrouridae,Nezumia,aequalis,Nezumia_aequalis,AQ,-0.199806445,-0.038237368
Gadiformes,Macrouridae,Albatrossia,pectoralis,Albatrossia_pectoralis,AR,-0.115589301,0.011144368
Lampridiformes,Trachipteridae,Zu,cristatus,Zu_cristatus,AS,-0.097898398,-0.029417143
Ophidiiformes,Carapidae,Carapus,dubius,Carapus_dubius,AT,0.132987723,0.021534661
Ophidiiformes,Ophidiidae,Cherublemma,emmelas,Cherublemma_emmelas,AU,-0.181430995,0.040008177
Ophidiiformes,Ophidiidae,Genypterus,capensis,Genypterus_capensis,AV,0.030651675,0.013907473
Ophidiiformes,Ophidiidae,Genypterus,tigerinus,Genypterus_tigerinus,AW,0.113557113,0.017917785
Ophidiiformes,Ophidiidae,Genypterus,blacodes,Genypterus_blacodes,AX,0.128945274,0.066537969
Ophidiiformes,Ophidiidae,Parophidion,vassali,Parophidion_vassali,AY,0.152909329,0.055421111
Batrachoidiformes,Batrachoididae,Opsanus,tau,Opsanus_tau,AZ,0.276217728,-0.083497563
Batrachoidiformes,Batrachoididae,Porichthys,notatus,Porichthys_notatus,BA,0.228571832,0.098596937
Labriformes,Scaridae,Calotomus,japonicus,Calotomus_japonicus,BB,0.223695233,-0.121980083
Labriformes,Labridae,Tautoga,onitis,Tautoga_onitis,BC,0.252426918,-0.087304384
Labriformes,Labridae,Ctenolabrus,rupestris,Ctenolabrus_rupestris,BD,0.077091162,-0.064929101
Labriformes,Labridae,Symphodus,melops,Symphodus_melops,BE,0.235052321,-0.023186254
Lophiiformes,Linophrynidae,Linophryne,arborifera,Linophryne_arborifera,BF,0.263908225,0.140675672
Tetraodontiformes,Ostraciidae,Lactoria,diaphana,Lactoria_diaphana,BG,-0.121166942,-0.002903944
Tetraodontiformes,Balistidae,Balistes,capriscus,Balistes_capriscus,BH,0.30599387,0.054331094
Tetraodontiformes,Diodontidae,Chilomycterus,schoepfii,Chilomycterus_schoepfii,BI,0.099464245,0.068361481
Tetraodontiformes,Diodontidae,Diodon,holocanthus,Diodon_holocanthus,BJ,0.285517486,-0.110371349
Tetraodontiformes,Diodontidae,Diodon,hystrix,Diodon_hystrix,BK,0.228444817,-0.114833935
Tetraodontiformes,Tetraodontidae,Tetraodon,cutcutia,Tetraodon_cutcutia,BL,0.176140297,0.077888171
Tetraodontiformes,Tetraodontidae,Tetraodon,palembangensis,Tetraodon_palembangensis,BM,0.010529086,0.125505543
Tetraodontiformes,Tetraodontidae,Monotrete,cochinchinensis,Monotrete_cochinchinensis,BN,0.261460261,0.023910939
Tetraodontiformes,Tetraodontidae,Tetraodon,turgidus,Tetraodon_turgidus,BO,0.256529062,0.087977232
Acanthuriformes,Acanthuridae,Acanthurus,nigroris,Acanthurus_nigroris,BP,-0.199736523,-0.026781631
Eupercaria,Sciaenidae,Leiostomus,xanthurus,Leiostomus_xanthurus,BQ,-0.022549875,-0.053609973
Eupercaria,Sciaenidae,Argyrosomus,regius,Argyrosomus_regius,BR,-0.040854992,-0.032064198
Acanthuriformes,Sciaenidae,Miichthys,miiuy,Miichthys_miiuy,BS,0.022546787,-0.054046462
Perciformes,Malacanthidae,Caulolatilus,microps,Caulolatilus_microps,BT,-0.244877309,0.084970076
Spariformes,Sparidae,Lagodon,rhomboides,Lagodon_rhomboides,BU,-0.189084648,-0.006648445
Spariformes,Sparidae,Acanthopagrus,australis,Acanthopagrus_australis,BV,-0.301663008,0.016200619
Chaetodontiformes,Chaetodontidae,Prognathodes,aculeatus,Prognathodes_aculeatus,BW,0.216725601,0.0163518
Perciformes,Lutjanidae,Ocyurus,chrysurus,Ocyurus_chrysurus,BX,-0.179350603,0.024245282
Perciformes,Lutjanidae,Lutjanus,peru,Lutjanus_peru,BY,-0.15234317,-0.027781848
Perciformes,Lutjanidae,Lutjanus,russellii,Lutjanus_russellii,BZ,-0.293753604,0.04198931
Trachiniformes,Uranoscopidae,Uranoscopus,japonicus,Uranoscopus_japonicus,CA,0.328599537,-0.091392891
Trachiniformes,Ammodytidae,Ammodytes,tobianus,Ammodytes_tobianus,CB,-0.041426451,-0.081608171
Trachiniformes,Ammodytidae,Ammodytes,hexapterus,Ammodytes_hexapterus,CC,-0.166367061,-0.040142936
Trachiniformes,Ammodytidae,Ammodytoides,gilli,Ammodytoides_gilli,CD,-0.127132768,0.003757027
Pempheriformes,Acropomatidae,Acropoma,japonicum,Acropoma_japonicum,CE,-0.061329286,-0.052684856
Perciformes,Kyphosidae,Girella,nigricans,Girella_nigricans,CF,-0.006199992,-0.041244425
Perciformes,Centrarchidae,Lepomis,cyanellus,Lepomis_cyanellus,CG,0.16024128,0.008048167
Perciformes,Centrarchidae,Lepomis,macrochirus,Lepomis_macrochirus,CH,0.084892643,0.003715302
Perciformes,Centrarchidae,Lepomis,megalotis,Lepomis_megalotis,CI,0.095622492,0.010087853
Perciformes,Centrarchidae,Lepomis,gibbosus,Lepomis_gibbosus,CJ,0.163431823,-0.015577132
Perciformes,Centrarchidae,Micropterus,dolomieu,Micropterus_dolomieu,CK,0.180603671,-0.004629569
Perciformes,Centrarchidae,Micropterus,salmoides,Micropterus_salmoides,CL,0.089019571,0.019191672
Perciformes,Trachinidae,Echiichthys,vipera,Echiichthys_vipera,CM,-0.004923458,0.055941974
Perciformes,Percidae,Etheostoma,nigrum,Etheostoma_nigrum,CN,-0.024861047,-0.020601795
Perciformes,Percidae,Etheostoma,radiosum,Etheostoma_radiosum,CO,0.091198531,0.08371661
Perciformes,Percidae,Etheostoma,crossopterum,Etheostoma_crossopterum,CP,0.286105115,0.003942396
Perciformes,Percidae,Etheostoma,flabellare,Etheostoma_flabellare,CQ,0.034964707,-0.041865016
Perciformes,Nototheniidae,Notothenia,coriiceps,Notothenia_coriiceps,CR,0.423012342,0.042401005
Perciformes,Harpagiferidae,Harpagifer,bispinis,Harpagifer_bispinis,CS,0.470348875,0.045819436
Perciformes,Serranidae,Paralabrax,clathratus,Paralabrax_clathratus,CT,0.153422267,-0.056994123
Perciformes,Platycephalidae,Platycephalus,indicus,Platycephalus_indicus,CU,0.052024188,0.049260708
Perciformes,Scorpaenidae,Scorpaena,scrofa,Scorpaena_scrofa,CV,0.161475897,-0.049011345
Scorpaeniformes,Triglidae,Chelidonichthys,lucerna,Chelidonichthys_lucerna,CW,-0.222110067,0.033519627
Scorpaeniformes,Triglidae,Trigloporus,lastoviza,Trigloporus_lastoviza,CX,-0.201837914,-0.004044553
Perciformes,Triglidae,Lepidotrigla,microptera,Lepidotrigla_microptera,CY,-0.225236377,-0.002830495
Perciformes,Triglidae,Lepidotrigla,papilio,Lepidotrigla_papilio,CZ,-0.077377904,0.019337268
Scorpaeniformes,Gasterosteidae,Gasterosteus,wheatlandi,Gasterosteus_wheatlandi,DA,0.281517876,-0.024720998
Scorpaeniformes,Gasterosteidae,Gasterosteus,aculeatus,Gasterosteus_aculeatus,DB,0.192177535,0.045952097
Scorpaeniformes,Gasterosteidae,Spinachia,spinachia,Spinachia_spinachia,DC,0.278935838,-0.061443823
Scorpaeniformes,Gasterosteidae,Pungitius,pungitius,Pungitius_pungitius,DD,-0.024793999,-0.019257798
Scorpaeniformes,Stichaeidae,Xiphister,atropurpureus,Xiphister_atropurpureus,DE,-0.01421822,0.005501832
Scorpaeniformes,Stichaeidae,Xiphister,mucosus,Xiphister_mucosus,DF,-0.033032374,0.061433105
Scorpaeniformes,Stichaeidae,Ulvaria,subbifurcata,Ulvaria_subbifurcata,DG,0.068203822,0.064571131
Scorpaeniformes,Cottidae,Cottus,hangiongensis,Cottus_hangiongensis,DH,0.227239153,0.070837748
Scorpaeniformes,Cottidae,Cottus,gobio,Cottus_gobio,DI,0.21535302,0.037711254
Scorpaeniformes,Cottidae,Cottus,bairdii,Cottus_bairdii,DJ,0.167341109,0.116514431
Scorpaeniformes,Cottidae,Enophrys,bison,Enophrys_bison,DK,0.107930334,0.085384702
Scorpaeniformes,Cottidae,Myoxocephalus,quadricornis,Myoxocephalus_quadricornis,DL,0.185858106,-0.006763065
Scorpaeniformes,Cottidae,Myoxocephalus,scorpius,Myoxocephalus_scorpius,DM,-0.031924732,0.009128286
Scorpaeniformes,Cottidae,Oligocottus,snyderi,Oligocottus_snyderi,DN,0.154726938,0.156479467
Scombriformes,Gempylidae,Diplospinus,multistriatus,Diplospinus_multistriatus,DO,0.036288242,0.037595061
Scombriformes,Gempylidae,Gempylus,serpens,Gempylus_serpens,DP,-0.284433916,0.014074981
Scombriformes,Trichiuridae,Aphanopus,carbo,Aphanopus_carbo,DQ,-0.065337997,0.048329327
Scombriformes,Scombridae,Sarda,sarda,Sarda_sarda,DR,-0.019975597,-0.064335377
Scombriformes,Scombridae,Thunnus,albacares,Thunnus_albacares,DS,-0.277788265,0.010643291
Scombriformes,Scombridae,Euthynnus,affinis,Euthynnus_affinis,DT,-0.173857481,-0.074352049
Scombriformes,Scombridae,Katsuwonus,pelamis,Katsuwonus_pelamis,DU,-0.222235857,-0.081848509
Scombriformes,Scombridae,Scomber,scombrus,Scomber_scombrus,DV,-0.051955534,-0.017754147
Scombriformes,Scombridae,Scomber,australasicus,Scomber_australasicus,DW,-0.096558314,-0.106817609
Scombriformes,Scombridae,Scomber,japonicus,Scomber_japonicus,DX,-0.083233701,-0.049752459
Scombriformes,Nomeidae,Nomeus,gronovii,Nomeus_gronovii,DY,0.042201892,-0.046544694
Syngnathiformes,Fistulariidae,Fistularia,commersonii,Fistularia_commersonii,DZ,0.156747437,0.111010615
Callionymiformes,Callionymidae,Synchiropus,altivelis,Synchiropus_altivelis,EA,0.150801665,-0.032674658
Callionymiformes,Callionymidae,Callionymus,sagitta,Callionymus_sagitta,EB,0.140708969,0.017003451
Syngnathiformes,Aulostomidae,Aulostomus,chinensis,Aulostomus_chinensis,EC,0.421338864,-0.022794742
Syngnathiformes,Centriscidae,Macroramphosus,gracilis,Macroramphosus_gracilis,ED,-0.258962083,0.006203542
Gobiiformes,Odontobutidae,Odontobutis,obscura,Odontobutis_obscura,EF,0.064967486,0.04267317
Gobiiformes,Gobiidae,Amblygobius,bynoensis,Amblygobius_bynoensis,EG,0.167446234,0.033254409
Gobiiformes,Gobiidae,Rhinogobius,brunneus,Rhinogobius_brunneus,EH,0.206845155,0.06352821
Gobiiformes,Gobiidae,Clevelandia,ios,Clevelandia_ios,EI,0.205002532,0.063704336
Gobiiformes,Gobiidae,Glossogobius,callidus,Glossogobius_callidus,EJ,0.122908567,0.124028137
Gobiiformes,Gobiidae,Eviota,prasina,Eviota_prasina,EK,0.047082376,0.019789868
Gobiiformes,Gobiidae,Gobiusculus,flavescens,Gobiusculus_flavescens,EL,0.119291151,0.052113598
Gobiiformes,Gobiidae,Pomatoschistus,minutus,Pomatoschistus_minutus,EM,0.270442946,0.034067762
Gobiiformes,Gobiidae,Pomatoschistus,microps,Pomatoschistus_microps,EN,0.399782814,0.041111132
Gobiiformes,Gobiidae,Knipowitschia,punctatissima,Knipowitschia_punctatissima,EO,0.390271905,0.069600508
Gobiiformes,Gobiidae,Amblygobius,phalaena,Amblygobius_phalaena,EP,0.286212493,0.088884017
Gobiiformes,Gobiidae,Valenciennea,muralis,Valenciennea_muralis,EQ,0.068626523,0.049473516
Gobiiformes,Oxudercidae,Valenciennea,longipinnis,Valenciennea_longipinnis,ER,0.038633452,0.049857247
Gobiiformes,Gobiidae,Neogobius,melanostomus,Neogobius_melanostomus,ET,0.15926239,0.006813755
Gobiiformes,Gobiidae,Padogobius,bonelli,Padogobius_bonelli,EU,0.248484688,0.093667242
Gobiiformes,Gobiidae,Zosterisessor,ophiocephalus,Zosterisessor_ophiocephalus,EV,0.384462822,0.010545623
Gobiiformes,Gobiidae,Neogobius,fluviatilis,Neogobius_fluviatilis,EQ,0.180290199,0.064141067
Anabantiformes,Badidae,Badis,badis,Badis_badis,EX,0.099700378,-0.168786399
Istiophoriformes,Istiophoridae,Istiophorus,platypterus,Istiophorus_platypterus,EY,-0.318726642,0.026231605
Carangiformes,Coryphaenidae,Coryphaena,hippurus,Coryphaena_hippurus,EZ,-0.171495584,0.054430585
Carangiformes,Carangidae,Oligoplites,saurus,Oligoplites_saurus,FA,-0.052223284,-0.014341747
Carangiformes,Carangidae,Elagatis,bipinnulata,Elagatis_bipinnulata,FB,-0.182714977,-0.078219944
Carangiformes,Carangidae,Naucrates,ductor,Naucrates_ductor,FC,-0.206053384,0.021242881
Carangiformes,Carangidae,Seriola,zonata,Seriola_zonata,FD,-0.119789222,0.045303812
Carangiformes,Carangidae,Pseudocaranx,dentex,Pseudocaranx_dentex,FE,-0.317736008,0.078971265
Carangiformes,Carangidae,Decapterus,punctatus,Decapterus_punctatus,FG,-0.189864973,-0.008002533
Carangiformes,Carangidae,Trachurus,novaezelandiae,Trachurus_novaezelandiae,FH,-0.330880685,0.065651149
Carangiformes,Carangidae,Trachurus,declivis,Trachurus_declivis,FI,-0.289887829,0.039701337
Carangiformes,Carangidae,Trachurus,lathami,Trachurus_lathami,FJ,-0.223073428,0.027646389
Carangiformes,Carangidae,Trachurus,picturatus,Trachurus_picturatus,FK,-0.318749155,0.002126907
Carangiformes,Carangidae,Alectis,ciliaris,Alectis_ciliaris,FL,-0.320498732,0.082522878
Carangiformes,Carangidae,Selene,peruviana,Selene_peruviana,FM,-0.311145855,0.101853687
Carangiformes,Carangidae,Hemicaranx,amblyrhynchus,Hemicaranx_amblyrhynchus,FN,-0.306909147,0.06014546
Carangiformes,Carangidae,Chloroscombrus,orqueta,Chloroscombrus_orqueta,FO,-0.35876712,0.104092201
Carangiformes,Carangidae,Carangoides,bartholomaei,Carangoides_bartholomaei,FP,-0.241732876,0.118925968
Carangiformes,Carangidae,Caranx,caballus,Caranx_caballus,FQ,-0.371974397,0.089222752
Carangiformes,Sphyraenidae,Sphyraena,barracuda,Sphyraena_barracuda,FR,-0.099066309,-0.011899437
Carangiformes,Psettodidae,Psettodes,erumei,Psettodes_erumei,RS,0.038207865,-0.066938762
Carangiformes,Citharidae,Citharus,linguatula,Citharus_linguatula,FT,0.116599438,0.029525991
Pleuronectiformes,Scophthalmidae,Scophthalmus,rhombus,Scophthalmus_rhombus,FU,0.082297782,-0.04333347
Pleuronectiformes,Scophthalmidae,Zeugopterus,regius,Zeugopterus_regius,FV,0.089272743,-0.045173917
Pleuronectiformes,Paralichthyidae,Xystreurys,liolepis,Xystreurys_liolepis,FW,-0.217076443,-0.007244133
Pleuronectiformes,Paralichthyidae,Citharichthys,fragilis,Citharichthys_fragilis,FX,-0.178503571,-0.058917319
Pleuronectiformes,Paralichthyidae,Paralichthys,dentatus,Paralichthys_dentatus,FY,-0.062244348,-0.004013754
Pleuronectiformes,Paralichthyidae,Paralichthys,olivaceus,Paralichthys_olivaceus,FZ,0.178499144,-0.049055466
Pleuronectiformes,Paralichthyidae,Citharichthys,arctifrons,Citharichthys_arctifrons,GA,-0.289364806,0.002355754
Pleuronectiformes,Paralichthyidae,Etropus,microstomus,Etropus_microstomus,GB,-0.146881561,-0.047023443
Pleuronectiformes,Pleuronectidae,Acanthopsetta,nadeshnyi,Acanthopsetta_nadeshnyi,GC,-0.334867118,-0.007471292
Pleuronectiformes,Pleuronectidae,Pleuronichthys,coenosus,Pleuronichthys_coenosus,GD,-0.202109834,-0.00912844
Pleuronectiformes,Pleuronectidae,Lyopsetta,exilis,Lyopsetta_exilis,GE,-0.26577653,0.047352093
Pleuronectiformes,Pleuronectidae,Eopsetta,grigorjewi,Eopsetta_grigorjewi,GF,-0.109398555,-0.017797108
Pleuronectiformes,Pleuronectidae,Hippoglossus,hippoglossus,Hippoglossus_hippoglossus,GH,0.032139083,-0.016829775
Pleuronectiformes,Pleuronectidae,Glyptocephalus,zachirus,Glyptocephalus_zachirus,GI,-0.3871954,0.087129973
Pleuronectiformes,Pleuronectidae,Glyptocephalus,cynoglossus,Glyptocephalus_cynoglossus,GJ,-0.117165015,-0.016323644
Pleuronectiformes,Pleuronectidae,Microstomus,kitt,Microstomus_kitt,GK,-0.162690912,0.091099181
Pleuronectiformes,Pleuronectidae,Hippoglossoides,platessoides,Hippoglossoides_platessoides,GL,0.272738904,0.021446856
Pleuronectiformes,Pleuronectidae,Hippoglossoides,elassodon,Hippoglossoides_elassodon,GM,-0.177678256,0.026307335
Pleuronectiformes,Pleuronectidae,Pseudopleuronectes,americanus,Pseudopleuronectes_americanus,GN,0.187526565,-0.073098889
Pleuronectiformes,Pleuronectidae,Parophrys,vetulus,Parophrys_vetulus,GO,-0.106251988,-0.013015684
Pleuronectiformes,Pleuronectidae,Lepidopsetta,mochigarei,Lepidopsetta_mochigarei,GP,-0.006475309,-0.128154564
Pleuronectiformes,Pleuronectidae,Limanda,proboscidea,Limanda_proboscidea,GQ,0.28200569,0.019750017
Pleuronectiformes,Pleuronectidae,Platichthys,flesus,Platichthys_flesus,GR,0.079542244,-0.067180197
Pleuronectiformes,Pleuronectidae,Pleuronectes,platessa,Pleuronectes_platessa,GS,0.123052565,-0.029610774
Pleuronectiformes,Achiridae,Achirus,mazatlanus,Achirus_mazatlanus,GT,0.053783318,0.128937907
Pleuronectiformes,Soleidae,Zebrias,zebra,Zebrias_zebra,GU,-0.22829117,0.100297743
Pleuronectiformes,Soleidae,Austroglossus,microlepis,Austroglossus_microlepis,GV,-0.308584913,0.044547952
Pleuronectiformes,Soleidae,Dicologlossa,cuneata,Dicologlossa_cuneata,GW,-0.167270308,-0.033050596
Pleuronectiformes,Soleidae,Pegusa,nasuta,Pegusa_nasuta,GX,-0.183619132,-0.016981481
Pleuronectiformes,Soleidae,Pegusa,lascaris,Pegusa_lascaris,GY,0.018668204,-0.024665913
Pleuronectiformes,Soleidae,Pegusa,impar,Pegusa_impar,GZ,0.005384314,-0.022357408
Pleuronectiformes,Rhombosoleidae,Rhombosolea,plebeia,Rhombosolea_plebeia,HA,0.07328764,-0.048261739
Pleuronectiformes,Paralichthyidae,Syacium,papillosum,Syacium_papillosum,HB,0.143579017,-0.061087501
Pleuronectiformes,Paralichthyidae,Syacium,ovale,Syacium_ovale,HC,-0.07677854,-0.081037249
Pleuronectiformes,Paralichthyidae,Syacium,micrurum,Syacium_micrurum,HD,-0.187066837,-0.017903864
Pleuronectiformes,Paralichthyidae,Cyclopsetta,panamensis,Cyclopsetta_panamensis,HE,-0.090498616,-0.011912742
Pleuronectiformes,Bothidae,Engyophrys,sanctilaurentii,Engyophrys_sanctilaurentii,HF,-0.095402279,-0.058196139
Pleuronectiformes,Bothidae,Arnoglossus,capensis,Arnoglossus_capensis,HG,-0.121016645,-0.057311053
Pleuronectiformes,Bothidae,Monolene,asaedae,Monolene_asaedae,HI,-0.167826769,-0.054687451
Blenniiformes,Pomacentridae,Hypsypops,rubicundus,Hypsypops_rubicundus,HJ,0.190621996,-0.026334506
Blenniiformes,Pomacentridae,Dascyllus,aruanus,Dascyllus_aruanus,HK,0.018196466,0.043088531
Blenniiformes,Pomacentridae,Dascyllus,marginatus,Dascyllus_marginatus,HL,0.229898831,-0.02094199
Blenniiformes,Pomacentridae,Chromis,dispilus,Chromis_dispilus,HM,0.063714532,-0.007874211
Blenniiformes,Pomacentridae,Chromis,chromis,Chromis_chromis,HN,0.157647439,-0.057256295
Blenniiformes,Pomacentridae,Premnas,biaculeatus,Premnas_biaculeatus,HO,0.36630626,0.016091253
Blenniiformes,Pomacentridae,Amphiprion,ocellaris,Amphiprion_ocellaris,HP,0.41761308,-0.028410748
Blenniiformes,Pomacentridae,Amphiprion,percula,Amphiprion_percula,HQ,0.431302381,0.028184585
Blenniiformes,Pomacentridae,Amphiprion,melanopus,Amphiprion_melanopus,HR,0.246944175,-0.011064771
Blenniiformes,Pomacentridae,Amphiprion,clarkii,Amphiprion_clarkii,HS,0.277563879,-0.020971624
Blenniiformes,Pomacentridae,Amphiprion,sebae,Amphiprion_sebae,HT,0.284222057,0.04022141
Gobiesociformes,Gobiesocidae,Gobiesox,strumosus,Gobiesox_strumosus,HU,0.2159308,0.007663488
Blenniiformes,Tripterygiidae,Forsterygion,capito,Forsterygion_capito,HV,0.137730876,0.156733373
Blenniiformes,Tripterygiidae,Ruanoho,decemdigitatus,Ruanoho_decemdigitatus,HW,0.370561124,0.061286918
Blenniiformes,Blenniidae,Parablennius,sanguinolentus,Parablennius_sanguinolentus,HX,0.201154964,0.008822142
Blenniiformes,Polycentridae,Polycentrus,schomburgkii,Polycentrus_schomburgkii,HY,0.178747443,-0.081537928
Cichliformes,Cichlidae,Etroplus,maculatus,Etroplus_maculatus,HZ,-0.096787793,-0.045898666
Cichliformes,Cichlidae,Bujurquina,vittata,Bujurquina_vittata,IA,0.120357296,-0.000525599
Cichliformes,Cichlidae,Symphysodon,aequifasciatus,Symphysodon_aequifasciatus,IB,0.059406628,-0.016331261
Cichliformes,Cichlidae,Rocio,octofasciata,Rocio_octofasciata,IC,0.26087009,-0.020483961
Cichliformes,Cichlidae,Archocentrus,multispinosus,Archocentrus_multispinosus,ID,0.113620004,-0.054312687
Cichliformes,Cichlidae,Paraneetroplus,maculicauda,Paraneetroplus_maculicauda,IE,0.051925702,-0.011788046
Cichliformes,Cichlidae,Hemichromis,bimaculatus,Hemichromis_bimaculatus,IF,0.198064157,-0.062951315
Cichliformes,Cichlidae,Tilapia,zillii,Tilapia_zillii,IG,-0.120532479,-0.055904875
Cichliformes,Cichlidae,Pelmatolapia,mariae,Pelmatolapia_mariae,IH,-0.199742482,0.003052043
Beloniformes,Belonidae,Tylosurus,acus_acus,Tylosurus_acus_acus,II,-0.024481584,-0.104098272
Beloniformes,Belonidae,Strongylura,notata_notata,Strongylura_notata_notata,IJ,-0.024680563,-0.084600317
Beloniformes,Hemiramphidae,Hemiramphus,balao,Hemiramphus_balao,IK,-0.013280781,-0.056820547
Beloniformes,Hemiramphidae,Hemiramphus,brasiliensis,Hemiramphus_brasiliensis,IL,-0.168918373,0.074669011
Beloniformes,Exocoetidae,Cypselurus,comatus,Cypselurus_comatus,IM,-0.257272807,-0.016879852
Cyprinodontiformes,Fundulidae,Adinia,xenica,Adinia_xenica,IN,0.139673458,0.052602249
Cyprinodontiformes,Cyprinodontidae,Jordanella,floridae,Jordanella_floridae,IO,0.221971814,0.013868138
Scorpaeniformes,Cottidae,Cottus,gobio,Cottus_gobio,DI,0.230618744,0.068284704
Scorpaeniformes,Cottidae,Cottus,gobio,Cottus_gobio,DI,0.224863703,0.025697286
Scorpaeniformes,Cottidae,Cottus,gobio,Cottus_gobio,DI,0.223364894,0.052882393
Osteoglossiformes,Notopteridae,Chitala,ornata,Chitala_ornata,D,-0.11761502,-0.013857248
Osteoglossiformes,Notopteridae,Chitala,ornata,Chitala_ornata,D,-0.115482732,-0.028881177
Osteoglossiformes,Notopteridae,Chitala,ornata,Chitala_ornata,D,-0.124477849,-0.045871205
Perciformes,Centrarchidae,Micropterus,dolomieu,Micropterus_dolomieu,CK,0.116401229,-0.024874461
Perciformes,Centrarchidae,Micropterus,dolomieu,Micropterus_dolomieu,CK,0.178933698,-0.033887105
Perciformes,Centrarchidae,Micropterus,dolomieu,Micropterus_dolomieu,CK,0.220781044,0.016353013
Perciformes,Centrarchidae,Lepomis,macrochirus,Lepomis_macrochirus,CH,0.065062735,0.007510796
Perciformes,Centrarchidae,Lepomis,macrochirus,Lepomis_macrochirus,CH,0.056179326,0.010898848
Perciformes,Centrarchidae,Lepomis,macrochirus,Lepomis_macrochirus,CH,-0.005588472,-0.003944246
Blenniiformes,Pomacentridae,Amphiprion,clarkii,Amphiprion_clarkii,HS,0.347824909,-0.013229124
Blenniiformes,Pomacentridae,Amphiprion,clarkii,Amphiprion_clarkii,HS,0.285806204,0.051639572
Blenniiformes,Pomacentridae,Amphiprion,clarkii,Amphiprion_clarkii,HS,0.299355145,-0.0700258
Elopiformes,Elopidae,Elops,affinis,Elops_affinis,A,-0.26188412,-0.019062369
Elopiformes,Elopidae,Elops,affinis,Elops_affinis,A,-0.316925529,-0.018891076
Elopiformes,Elopidae,Elops,affinis,Elops_affinis,A,-0.340279968,0.003261391
Scombriformes,Scombridae,Sarda,sarda,Sarda_sarda,DR,0.005296751,-0.087521232
Scombriformes,Scombridae,Sarda,sarda,Sarda_sarda,DR,-0.099286744,-0.07343635
Scombriformes,Scombridae,Sarda,sarda,Sarda_sarda,DR,-0.045827529,-0.071813462
Gadiformes,Bregmacerotidae,Bregmaceros,atlanticus,Bregmaceros_atlanticus,AM,-0.132183308,-0.02264716
Gadiformes,Bregmacerotidae,Bregmaceros,atlanticus,Bregmaceros_atlanticus,AM,-0.060632313,-0.046940521
Gadiformes,Bregmacerotidae,Bregmaceros,atlanticus,Bregmaceros_atlanticus,AM,-0.082059938,-0.07070497
Carangiformes,Carangidae,Alectis,ciliaris,Alectis_ciliaris,FL,-0.353858226,0.071160714
Carangiformes,Carangidae,Alectis,ciliaris,Alectis_ciliaris,FL,-0.326564403,0.104730504
Carangiformes,Carangidae,Alectis,ciliaris,Alectis_ciliaris,FL,-0.288889403,0.108088765
Perciformes,Lutjanidae,Lutjanus,peru,Lutjanus_peru,BY,-0.229070618,-0.015531232
Perciformes,Lutjanidae,Lutjanus,peru,Lutjanus_peru,BY,-0.244782282,-0.00316795
Perciformes,Lutjanidae,Lutjanus,peru,Lutjanus_peru,BY,-0.1700599,0.015128003
