Genus_species,Fanning,PC1A,PC1B,PC1C,PC1D,PC1E,PC1F,PC1G,PC1H,PC1I,PC1J,PC2A,PC2B,PC2C,PC2D,PC2E,PC2F,PC2G,PC2H,PC2I,PC2J
Elops_affinis,NonFanning,-0.310804973,-0.304815269,-0.331207641,-0.328138504,-0.326049854,-0.330554308,-0.280802866,-0.321804155,-0.291306864,-0.274875589,0.033773281,0.032593477,0.036788552,0.052667549,0.038119126,0.085484601,0.022483917,0.0760885,0.037099793,-0.005103264
Ophichthus_rufus,NonFanning,0.160555922,0.206121275,0.198799663,0.198260259,0.144369221,0.135837297,0.242015838,0.174620341,0.163408995,0.240290495,0.013099446,-0.010946134,0.009472337,0.024046008,-0.008725561,0.015870697,-0.01538435,-0.009984274,-0.020343916,-0.0301182
Ophichthus_zophochir,NonFanning,0.073073406,0.00759213,0.008976719,0.03428804,0.001993999,0.047478181,0.003928915,0.00304934,0.042611099,0.052538563,0.004114293,0.020513932,-0.013768127,0.011789643,0.011932587,0.054130828,0.006143707,0.021898407,0.029203436,0.042871399
Chitala_ornata,Fanning,-0.106297158,-0.092770175,-0.037362633,-0.074887047,-0.045549643,-0.023216734,-0.128531036,-0.111231394,-0.081933613,-0.115886491,0.054403684,0.064196602,0.030172414,0.037358654,0.021744807,0.052966012,0.089049237,0.077870795,0.036292764,0.024331105
Engraulis_encrasicolus,NonFanning,-0.293406081,-0.20462826,-0.262284819,-0.248956644,-0.203224081,-0.207144639,-0.238990999,-0.287807885,-0.289211087,-0.239678841,0.028978083,0.051951945,0.02680349,0.029668008,0.06408768,0.031665323,0.003487748,0.088054631,0.043115146,0.044025326
Brevoortia_patronus,NonFanning,-0.198628881,-0.152552235,-0.263385658,-0.242681474,-0.208868967,-0.233246211,-0.170409871,-0.181361962,-0.188325246,-0.238358149,0.079589304,0.076105614,0.069650117,0.055354905,0.082958467,0.054592101,0.057321198,0.061280672,0.072415831,0.064220401
Harengula_thrissina,NonFanning,-0.240588172,-0.259136014,-0.222866607,-0.287977802,-0.195985803,-0.244041834,-0.196687379,-0.226886859,-0.227069698,-0.190663756,0.059234864,0.017912572,0.032622183,0.037481882,0.070112047,0.039737402,0.062009386,0.0756706,0.059187488,0.03928695
Sardinella_aurita,NonFanning,-0.373459904,-0.326286096,-0.439790461,-0.312770067,-0.337272221,-0.387814792,-0.384763432,-0.366679453,-0.347071271,-0.361334338,-0.063951861,-0.01651495,-0.043932201,-0.011199034,-0.001331761,0.004081536,-0.014273583,-0.03142433,-0.043803132,-0.046379132
Gonorynchus_greyi,NonFanning,-0.213169299,-0.282858379,-0.219797716,-0.244544397,-0.2321656,-0.223672365,-0.226382907,-0.228294507,-0.203904023,-0.180019981,0.040605301,0.038818547,0.022311771,0.0340295,0.045523307,0.041258366,0.030286128,0.048045704,0.029447054,0.045395499
Pimephales_promelas,Fanning,-0.034703505,0.017664742,-0.043137704,0.008366574,-0.067666187,-0.012715959,0.045726262,0.026915253,0.01154021,-0.042170823,0.023466437,0.021543427,0.0047537,0.033735776,0.023814969,0.056852421,0.020859235,-0.017226199,0.023280227,0.014907571
Ancistrus_dolichopterus,Fanning,-0.162775466,-0.141210691,-0.060628093,-0.10790695,-0.08073313,-0.039973382,-0.035378682,-0.072173116,-0.062362501,-0.113504516,-0.119547957,-0.128061698,-0.111334209,-0.137689553,-0.119313603,-0.111914292,-0.144535624,-0.08676082,-0.085664743,-0.131620923
Ameiurus_nebulosus,Fanning,-0.168680109,-0.150099912,-0.136060793,-0.230698531,-0.113067254,-0.108983805,-0.158458863,-0.227544655,-0.174973496,-0.170056283,0.042256318,0.030115153,0.051868562,0.054819499,0.050055308,0.03798741,0.039698722,0.011018183,0.038551091,0.004609407
Pylodictis_olivaris,Fanning,0.267907655,0.328340836,0.276894368,0.381232592,0.291136105,0.405076579,0.28883242,0.363427285,0.310827262,0.305668851,-0.131651095,-0.115073684,-0.099685251,-0.142083608,-0.125621627,-0.113820057,-0.129593855,-0.134153198,-0.092634191,-0.122992391
Glossanodon_semifasciatus,NonFanning,0.036398744,0.036821271,-0.007413849,-0.030144477,0.027835037,-0.019828093,0.004912782,-0.004799688,0.020912361,-0.033053033,0.048388035,0.1075588,0.03835256,0.104859624,0.05659459,0.080103666,0.057966472,0.079472912,0.07399407,0.090340038
Oncorhynchus_kisutch,Fanning,-0.083354812,-0.013696109,-0.128739948,-0.075823806,-0.075445476,-0.041490043,-0.088047951,-0.068400869,-0.04847913,-0.162706014,0.064239242,0.063308429,0.045058067,0.07697332,0.093673104,0.045290653,0.09398562,0.086757716,0.038367408,0.088007541
Cyclothone_microdon,NonFanning,-0.270767678,-0.217953695,-0.228544492,-0.256577152,-0.264915886,-0.232133357,-0.157645454,-0.22395067,-0.23311759,-0.18601501,0.037133441,0.00091165,-0.000411722,-0.038900762,0.003244361,-0.015935794,0.026283023,0.025665826,-0.022857719,0.020929668
Synodus_foetens,NonFanning,-0.232043499,-0.269658854,-0.285112104,-0.30446003,-0.26271287,-0.258681973,-0.246160353,-0.210610889,-0.26144019,-0.237659948,0.002472142,-0.003267429,0.003446791,0.021274962,0.010267607,-0.019734464,0.000830608,-0.016690783,0.039142698,0.042997013
Parasudis_truculenta,NonFanning,-0.229771087,-0.177765613,-0.207175328,-0.153024791,-0.178008725,-0.210445449,-0.221502831,-0.251260129,-0.206426016,-0.188217531,0.026041468,0.07321349,0.008343641,0.000682434,0.033929051,0.060280963,0.018479199,-0.001229912,0.055870095,0.012309967
Lestidiops_affinis,NonFanning,0.136799979,0.140092703,0.173595613,0.115435281,0.160535859,0.147102729,0.159374051,0.164932401,0.210746618,0.20893196,0.089607903,0.061682454,0.052556152,0.121364707,0.095164785,0.067792115,0.069019285,0.067130313,0.088477533,0.104542962
Uncisudis_advena,NonFanning,-0.168215997,-0.137040719,-0.138274738,-0.174392012,-0.103901607,-0.153527282,-0.18458676,-0.226738198,-0.137849843,-0.133706197,0.038993968,0.060735334,0.028226316,0.088062747,0.047584112,0.075163619,0.039824384,0.050366645,0.037081359,0.091892106
Hygophum_proximum,NonFanning,-0.409308879,-0.395312246,-0.451500226,-0.456592031,-0.424341978,-0.351519896,-0.396858569,-0.436752525,-0.370770835,-0.345621566,-0.064273686,-0.059354449,-0.045996708,-0.053786632,-0.066662054,-0.103247016,-0.104521098,-0.048373757,-0.094965417,-0.121707828
Symbolophorus_evermanni,NonFanning,0.102527261,0.170183414,0.164040072,0.183190311,0.142769647,0.158043158,0.100703285,0.174093969,0.143695397,0.134904692,0.123727987,0.202702953,0.172766222,0.194050081,0.176693594,0.164268011,0.208788346,0.154389129,0.197500476,0.210585434
Notolychnus_valdiviae,NonFanning,-0.235123556,-0.274698389,-0.262688367,-0.297211729,-0.243811723,-0.287743573,-0.278058055,-0.185115986,-0.245995356,-0.229234889,-0.015637961,-0.015572273,-0.014628696,-0.041622416,-0.070724582,-0.025387781,-0.018372418,-0.048248962,0.020363295,-0.036220338
Zenopsis_nebulosa,NonFanning,-0.165749974,-0.192349352,-0.139968301,-0.164506137,-0.166675508,-0.189161178,-0.153564157,-0.116570984,-0.191106498,-0.136256509,-0.056621123,-0.016615254,-0.064394808,-0.053866086,-0.011861506,-0.072986682,-0.065457933,-0.038665322,-0.029794899,-0.0515686
Raniceps_raninus,NonFanning,0.316566729,0.29131338,0.296245145,0.276365738,0.343009904,0.302096421,0.297389849,0.307296479,0.280065117,0.264174896,-0.083005938,-0.058592453,-0.070943455,-0.038007916,-0.037835744,-0.089000012,-0.076267406,-0.04392042,-0.033660335,-0.052515535
Urophycis_chuss,NonFanning,0.100761967,0.083314717,0.043258019,0.071480091,0.032154827,0.049800527,0.062724589,0.063340449,0.044208545,0.050119273,0.01300602,0.024650426,0.044087206,0.011035714,0.001797385,0.011855871,-0.00120837,0.041228552,-0.014980107,-0.003168681
Ciliata_mustela,NonFanning,0.151816639,0.160052606,0.208658235,0.132417721,0.174968282,0.128719423,0.151112906,0.176386213,0.195122488,0.179589733,0.019563965,0.022114251,0.030592346,0.02269145,-0.031641502,0.051575678,-0.005052854,-0.002745879,-0.001400742,0.038481183
Brosme_brosme,NonFanning,0.217677734,0.286716739,0.204705675,0.185895718,0.163984651,0.163396239,0.190341721,0.160758773,0.23230265,0.243549786,0.07358952,0.073293833,0.059731545,0.061843195,0.069688996,0.053725103,0.046118058,0.072128816,0.048621811,0.054259535
Eleginus_nawaga,NonFanning,0.140872199,0.072024038,0.094824018,0.143215622,0.135625443,0.133107272,0.102302883,0.143742642,0.156145055,0.062678804,0.020966838,0.032275321,0.022025959,0.001043281,0.009158187,0.028965662,0.027428483,0.035432291,0.002371549,0.036902086
Eleginus_gracilis,NonFanning,-0.114810657,-0.107002787,-0.105566661,-0.100458456,-0.00574792,-0.131654479,-0.125897602,-0.135310085,-0.137820875,-0.046122288,0.093302345,0.077793236,0.04782186,0.081766685,0.080061247,0.09196607,0.110548764,0.061030746,0.100873957,0.081933411
Pollachius_virens,NonFanning,-0.099381167,-0.137888248,-0.131056283,-0.151750375,-0.08548811,-0.131437457,-0.099048919,-0.119064091,-0.072184065,-0.119299147,0.118259988,0.123772881,0.107346148,0.123865528,0.086241242,0.108034415,0.10725064,0.070444721,0.08317503,0.074663119
Pollachius_pollachius,NonFanning,-0.179258917,-0.14364462,-0.18905424,-0.188842586,-0.092022274,-0.213184283,-0.261197935,-0.228847901,-0.209909756,-0.1134465,-0.025977716,-0.012526026,-0.012307529,-0.02785824,-0.017630609,-0.055534776,-0.082493511,-0.011684351,-0.039248864,-0.03255969
Merlangius_merlangus,NonFanning,-0.193794021,-0.229707091,-0.113958338,-0.161618501,-0.209939362,-0.162130045,-0.188949593,-0.24822688,-0.166415507,-0.18685767,0.040592907,0.030502799,0.073378906,0.011310771,0.023430558,0.030524617,0.045444872,0.011225885,-0.011344585,0.035243234
Arctogadus_glacialis,NonFanning,-0.122500108,-0.178689603,-0.128814638,-0.209606439,-0.212252427,-0.198244013,-0.144871306,-0.166393204,-0.159035558,-0.21204797,0.001795743,0.006775386,0.018764141,-0.007772609,0.001155513,-0.02271065,-0.038785354,0.026286874,-0.034358359,0.017448217
Trachyrincus_scabrus,NonFanning,-0.097974688,-0.068881412,-0.063778894,0.00123864,-0.013976889,-0.062319482,-0.086535273,-0.016660727,-0.068871885,-0.075749603,0.038942187,0.057845944,0.02209307,0.009034108,0.04712753,0.058662071,0.033977802,0.0033065,0.027049745,-0.013426929
Laemonema_longipes,NonFanning,-0.158571432,-0.187376952,-0.145922698,-0.167458944,-0.200444664,-0.082371445,-0.153976988,-0.141370962,-0.087134101,-0.17440022,0.02972562,0.011058617,0.018117796,0.030370915,0.021541844,0.028364491,0.014558923,0.006507035,0.041229714,0.0225952
Mora_moro,NonFanning,-0.27585235,-0.199888101,-0.188953298,-0.200497877,-0.243377408,-0.170952315,-0.248161727,-0.18574342,-0.194348693,-0.195420359,0.028189185,-0.013346992,0.048199511,0.019294491,0.003205009,0.047296553,-0.002548934,0.020151611,0.02240929,0.03466189
Macruronus_novaezelandiae,NonFanning,-0.032483387,0.019440255,-0.07698636,-0.051467735,-0.077125715,0.010576738,-0.089722344,-0.048618542,-0.005971381,-0.029868851,0.051322405,0.065054933,0.085928659,0.045907763,0.060485021,0.037961945,0.03848069,0.040347697,0.066121748,0.064012874
Bregmaceros_atlanticus,NonFanning,-0.064808388,-0.118415792,-0.185722195,-0.102317937,-0.093838113,-0.097878267,-0.089386881,-0.134410104,-0.126230848,-0.11866828,0.025994429,0.043479983,0.050136457,0.026751635,0.038046658,0.017171574,0.023010564,0.008187861,0.016153447,0.013055295
Bregmaceros_mcclellandi,NonFanning,-0.199450119,-0.210507813,-0.095396274,-0.228139596,-0.175224424,-0.20038063,-0.218300311,-0.139943829,-0.198505716,-0.182953437,0.072428624,0.050367079,0.061086214,0.040969789,0.048494919,0.027757753,0.029517609,0.044598071,0.037174903,0.055538415
Hymenocephalus_italicus,NonFanning,-0.263291223,-0.16339833,-0.17669674,-0.226124128,-0.17867444,-0.171789141,-0.204955197,-0.169697427,-0.167622496,-0.155112786,0.002907783,0.029192873,0.003368596,-0.014482095,0.082428106,0.023459115,0.023680204,0.008079684,0.024427155,0.01876248
Nezumia_sclerorhynchus,NonFanning,-0.036038992,-0.060132467,-0.068854001,-0.040633672,-0.04485566,-0.075664667,-0.042803215,-0.03988328,-0.022018282,-0.113916633,-0.008666052,0.025072083,0.020316429,0.015771223,0.03231241,0.055265312,0.031021891,0.034867102,0.035814632,0.039468258
Nezumia_aequalis,NonFanning,-0.211315299,-0.202407221,-0.16791714,-0.197553663,-0.247201798,-0.172860235,-0.196531228,-0.211940072,-0.236080669,-0.230823113,0.080634522,0.047408573,0.033070222,0.01734906,0.022414416,0.036911027,0.024544529,0.047970494,0.017765778,0.053488402
Albatrossia_pectoralis,NonFanning,-0.096449316,-0.078480762,-0.10848788,-0.108651153,-0.112595791,-0.127424065,-0.091294579,-0.116868683,-0.089694669,-0.087537679,0.040341684,-0.02271492,-0.001161055,-0.019215726,-0.01572935,-0.032475222,-3.56E-05,-0.016720729,-0.032323145,-0.004808362
Zu_cristatus,NonFanning,-0.077227807,-0.054529186,-0.08975572,-0.127407151,-0.095192885,-0.084644157,-0.116422679,-0.10952745,-0.09342603,-0.058748146,-0.00965505,0.019120304,0.033024833,0.026866604,0.049920066,0.020527134,-0.010421508,0.001514302,0.023832494,0.056915447
Carapus_dubius,NonFanning,0.150540667,0.129400217,0.074700005,0.105041096,0.15302181,0.135928442,0.116721873,0.12673107,0.141316057,0.130105622,-0.056652812,-0.002552321,-0.056274897,-0.003378803,-0.036610021,-0.027796707,0.017570554,-0.014178483,0.003342386,-0.018150008
Cherublemma_emmelas,NonFanning,-0.148500355,-0.154744995,-0.126008844,-0.223640956,-0.249826141,-0.226789016,-0.193105718,-0.196438725,-0.189329651,-0.196799039,-0.045091587,-0.054563725,-0.072582363,-0.049221859,-0.036171445,-0.042633293,-0.066694258,-0.053913694,-0.025563645,-0.024433396
Genypterus_capensis,NonFanning,0.048587169,0.022395336,0.021496814,0.055301516,0.020039435,0.017622407,0.047109796,-0.018852319,0.060054135,0.069011172,-0.006708787,-0.017466237,-0.015074492,-0.016043944,-0.021035966,-0.014152371,-0.020387104,-0.006453891,-0.022822223,5.98E-05
Genypterus_tigerinus,NonFanning,0.08972595,0.077431081,0.143692291,0.099709116,0.060736956,0.117137285,0.139299902,0.100129098,0.119367061,0.08422756,-0.027982806,-0.045155273,-0.035997972,-0.019418806,-0.037121854,-0.014525819,-0.021140597,-0.072130841,-0.041496135,-0.036654126
Genypterus_blacodes,NonFanning,0.146549164,0.163913793,0.111474758,0.097745765,0.165069458,0.116889086,0.150316213,0.102826784,0.138817265,0.153185594,-0.046565177,-0.067913985,-0.040523235,-0.083067211,-0.106237796,-0.090306008,-0.044484711,-0.115710188,-0.045705891,-0.074834681
Parophidion_vassali,NonFanning,0.155296164,0.190186673,0.205806255,0.123015405,0.155943871,0.157535427,0.194749975,0.078173648,0.112335177,0.18919507,-0.07630414,-0.063880433,-0.073193763,-0.060965983,-0.041683145,-0.04162301,-0.053813319,-0.005543149,-0.073629493,-0.047262873
Opsanus_tau,Fanning,0.32243705,0.276381662,0.295607903,0.228979352,0.28453901,0.266554754,0.294610554,0.259505046,0.308174901,0.214294583,0.077973357,0.0674707,0.083343962,0.039327373,0.094398387,0.070292021,0.070448626,0.096287973,0.078449556,0.053256195
Porichthys_notatus,Fanning,0.25438005,0.249369461,0.188231201,0.191493152,0.222525522,0.23782049,0.207894972,0.197692237,0.234303364,0.19543122,-0.131501618,-0.148507194,-0.094068297,-0.122795729,-0.098473395,-0.132561121,-0.114220904,-0.12637117,-0.104154128,-0.13051356
Calotomus_japonicus,NonFanning,0.244924591,0.225476492,0.282016946,0.252427995,0.19342398,0.25680425,0.186582905,0.228514234,0.152795286,0.23535576,0.111459875,0.158781287,0.127193847,0.122181112,0.098994498,0.105192105,0.118130877,0.16878825,0.131022635,0.143277664
Tautoga_onitis,NonFanning,0.257907068,0.277586454,0.268720538,0.246313745,0.236360726,0.214987502,0.231005848,0.295679358,0.247890654,0.231077754,0.080330247,0.088641168,0.100630905,0.114049373,0.063283476,0.091375016,0.098007545,0.100454131,0.099663794,0.101073505
Ctenolabrus_rupestris,NonFanning,0.093144678,0.031664457,0.061748948,0.049871288,0.057123059,0.108548957,0.05623926,0.051531058,0.117001866,0.050094484,0.041249992,0.075517452,0.087497849,0.060559772,0.076942424,0.045816928,0.070036372,0.060207425,0.044810355,0.035425326
Symphodus_melops,Fanning,0.232671649,0.234224073,0.188404808,0.263232887,0.218812428,0.231417807,0.18272083,0.255491386,0.213499146,0.222226037,0.050939066,0.025060901,0.020572816,0.015662422,0.031991104,0.042592029,0.015812167,0.055957492,0.015019977,0.05868581
Linophryne_arborifera,NonFanning,0.25317231,0.167721978,0.262646825,0.226156094,0.263785883,0.21418576,0.226365339,0.232925707,0.243689503,0.217411003,-0.115354386,-0.152566467,-0.170026245,-0.14032716,-0.165525119,-0.156068521,-0.114937769,-0.138610023,-0.123524294,-0.130755815
Lactoria_diaphana,NonFanning,-0.158385657,-0.12420087,-0.089127928,-0.10211508,-0.134281203,-0.150906831,-0.144451436,-0.16829753,-0.12058827,-0.039094682,-0.010085481,-0.025514063,0.024220529,-0.00106165,-0.005685618,-0.006995498,0.01337213,0.004447519,0.055631292,-0.020006572
Balistes_capriscus,Fanning,0.307128696,0.265699724,0.276705375,0.344626208,0.276073741,0.259792121,0.290102278,0.304517733,0.313888745,0.29916261,-0.033650905,-0.074132297,-0.101934947,-0.020691889,-0.065591745,-0.111386041,-0.050446775,-0.088999752,-0.062912304,-0.067423517
Chilomycterus_schoepfii,NonFanning,0.100287237,0.092319694,0.066508153,0.080713179,0.089003734,0.105494351,0.143849748,0.165670082,0.044067621,0.085837984,-0.094931268,-0.083917562,-0.089230836,-0.090251968,-0.088275324,-0.077737184,-0.075453415,-0.024440566,-0.066360049,-0.035727929
Diodon_holocanthus,NonFanning,0.307298554,0.236097732,0.247483289,0.294712211,0.277101986,0.230588594,0.249832188,0.250922321,0.292086385,0.296418903,0.172478187,0.115622593,0.13153454,0.133504396,0.09143894,0.105813978,0.093800371,0.138703073,0.084272704,0.134148867
Diodon_hystrix,NonFanning,0.228376729,0.181824251,0.130085723,0.231240614,0.225624958,0.152880737,0.259219074,0.242614098,0.24702895,0.235490432,0.135718261,0.129432538,0.112920276,0.106123946,0.162684233,0.116719229,0.136786496,0.078781202,0.107263941,0.113497883
Tetraodon_cutcutia,Fanning,0.202988467,0.185692828,0.192890081,0.210774817,0.134035987,0.113340412,0.187149123,0.205580842,0.228726859,0.167255567,-0.053008288,-0.048457579,-0.122402945,-0.069598117,-0.037449758,-0.059745448,-0.089865997,-0.040867955,-0.054929685,-0.079525341
Tetraodon_palembangensis,Fanning,0.026567263,-0.003888671,0.029790315,-0.007066734,0.0063399,0.019732177,-0.015418441,0.03643037,0.059934553,-0.013438667,-0.094363456,-0.098061421,-0.109769055,-0.141034406,-0.151820551,-0.134118993,-0.126723777,-0.133412358,-0.14302976,-0.153290304
Monotrete_cochinchinensis,Fanning,0.249219835,0.232037389,0.255993183,0.261896632,0.218259868,0.216361224,0.190005667,0.226682053,0.275563288,0.265173504,-0.017186704,-0.033673946,-0.04052301,-0.018885427,-0.010767757,-0.035698516,-0.031338983,0.012713077,-0.054531686,-0.052190549
Tetraodon_turgidus,Fanning,0.263940818,0.234789473,0.326340529,0.296696667,0.275972885,0.23927642,0.263839474,0.23969574,0.284874096,0.320539268,-0.111591754,-0.102316892,-0.098767618,-0.117736524,-0.080722311,-0.069854244,-0.055573413,-0.070936383,-0.075894514,-0.072991643
Acanthurus_nigroris,NonFanning,-0.19223536,-0.191429856,-0.191383006,-0.219467527,-0.234042625,-0.166240783,-0.229818575,-0.177154752,-0.218878351,-0.228924192,0.042680848,0.045835201,0.007311691,0.044513744,0.031696434,0.030830328,0.024085944,-0.002970144,0.046666079,0.046448179
Leiostomus_xanthurus,NonFanning,-0.014661349,-0.096718973,-0.022242691,-0.040519216,-0.00784938,-0.004822927,-0.06078541,0.011912413,-0.039017533,-0.005251935,0.035847016,0.081929495,0.032549408,0.095351537,0.081872045,0.04306763,0.020287174,0.001362595,0.050765911,0.068251335
Argyrosomus_regius,NonFanning,-0.020646676,-0.068691978,-0.031354503,0.002984537,-0.023554804,-0.0310813,-0.071382337,-0.062374114,-0.029120776,-0.093157713,-0.007866567,0.037884528,0.017138149,0.021918932,0.043852886,0.009451492,0.003765915,0.081276116,0.019176477,0.038966082
Miichthys_miiuy,NonFanning,-0.039629053,0.061149095,0.016660217,-0.097624678,0.067168992,0.007916313,0.057691744,0.007021151,0.009478869,0.028377134,0.036142049,0.072680094,0.046689359,0.074097603,0.035794592,0.056604154,0.052654883,0.068588005,0.074106201,0.039916005
Caulolatilus_microps,NonFanning,-0.231904557,-0.272378623,-0.28377547,-0.274835781,-0.280833194,-0.266795413,-0.239163833,-0.300051581,-0.224301175,-0.24227465,-0.103719217,-0.03801003,-0.107742517,-0.09254347,-0.061001695,-0.106365773,-0.098692649,-0.123943176,-0.104332491,-0.074463509
Lagodon_rhomboides,NonFanning,-0.234033091,-0.209566884,-0.183092474,-0.180390512,-0.187197403,-0.228127421,-0.175501624,-0.208617021,-0.259771379,-0.170517414,0.020543379,0.012740002,0.053479882,0.034460233,0.008095599,0.005525424,-0.002244819,-0.038415017,0.01430763,-0.0147788
Acanthopagrus_australis,NonFanning,-0.264679335,-0.362905831,-0.252230975,-0.280652656,-0.274808432,-0.327436815,-0.390154013,-0.365491081,-0.30285403,-0.305695844,-0.021068945,-0.023973222,-0.013957006,0.035838607,-0.038772995,-0.016470053,-0.014152304,-0.002765774,-0.026885662,-0.00763283
Prognathodes_aculeatus,NonFanning,0.227089567,0.245721254,0.172667087,0.24314162,0.194313859,0.249767661,0.271582249,0.212404776,0.219631814,0.168323498,-0.034998243,-0.024293645,-0.042138547,-0.004149274,-0.038796456,-0.023452033,0.000633678,-0.024394717,0.002254765,7.72E-05
Ocyurus_chrysurus,NonFanning,-0.182078528,-0.170670845,-0.202712703,-0.173586071,-0.198049633,-0.156767027,-0.176433139,-0.2209347,-0.260035712,-0.211140553,-0.01740205,-0.047894137,-0.007557402,-0.051121278,0.021229185,-0.0387894,-0.037757012,-0.031773351,-0.029371359,-0.04200905
Lutjanus_peru,NonFanning,-0.164420796,-0.125803649,-0.133312804,-0.176281362,-0.205344694,-0.183785018,-0.150320252,-0.125234354,-0.143841401,-0.126689575,0.019368592,0.047392483,0.011093063,0.045522616,0.012011034,0.011632247,0.02486749,0.035412711,0.025339092,0.021879036
Lutjanus_russellii,NonFanning,-0.366635284,-0.267997196,-0.257883792,-0.302973881,-0.295067053,-0.352213703,-0.370321718,-0.31222661,-0.337184443,-0.31453951,-0.04292344,-0.077763304,-0.06894147,-0.055973601,-0.020011361,-0.024664069,-0.077074383,-0.032249499,-0.055752521,-0.069589452
Uranoscopus_japonicus,NonFanning,0.293433955,0.315962645,0.324582393,0.309740654,0.358159195,0.31975692,0.339727855,0.356828301,0.288418112,0.303300837,0.075541628,0.078998428,0.107550788,0.055727213,0.114797076,0.095636145,0.089616114,0.05276421,0.080444078,0.076949612
Ammodytes_tobianus,NonFanning,-0.026311206,-0.065443803,0.026195974,-0.061112281,-0.031592972,-0.03352105,-0.097503423,-0.033356009,-0.043090676,-0.065499037,0.088712071,0.075896763,0.094809842,0.099625155,0.088428383,0.096394884,0.075441237,0.097943611,0.053368754,0.077474003
Ammodytes_hexapterus,NonFanning,-0.195621849,-0.138506047,-0.135295814,-0.162675931,-0.161272612,-0.213659453,-0.184453074,-0.14431544,-0.158250669,-0.214654254,-0.011957712,0.039622927,0.022848569,0.038587302,0.034802771,0.022109806,0.004733114,0.0252082,0.019135252,0.020989857
Ammodytoides_gilli,NonFanning,-0.117352604,-0.129241951,-0.151207116,-0.114353771,-0.107617497,-0.142334153,-0.099629439,-0.163480917,-0.19614969,-0.150721267,-0.016276948,0.02422669,0.003011389,0.020446232,-0.016260871,-0.009116668,-0.000666287,-0.042552114,-0.029494083,0.002575272
Acropoma_japonicum,NonFanning,-0.043926974,-0.105712881,-0.088364307,-0.058988938,-0.077241294,0.03707889,-0.017374527,-0.115805708,-0.033095977,-0.04985253,0.054894142,0.065414514,0.05207882,0.045207495,0.072256067,0.067660969,0.055655138,0.051446244,0.04473378,0.067240098
Girella_nigricans,NonFanning,-0.001376848,0.018475221,-0.003397165,-0.01840032,0.000602968,-0.033201218,0.028153959,0.018734048,0.007780587,-0.071982399,0.057888639,0.044766767,0.045296603,-0.01498966,0.034771164,0.065943185,0.024875249,0.085491774,0.035007878,0.024105972
Lepomis_cyanellus,Fanning,0.112297599,0.146907115,0.198662658,0.144326943,0.118372134,0.125084605,0.102249522,0.094928615,0.103742717,0.1125641,-0.011525768,0.019186629,0.008635598,0.02609746,-0.04167708,0.008807346,0.009006392,0.028479419,-0.017474915,-0.020894235
Lepomis_macrochirus,Fanning,0.042954783,0.093919533,0.084069092,0.12422053,0.09475365,0.092721622,0.067590185,0.106806116,0.091965272,0.043651655,-0.045360566,-0.030906723,0.012298886,0.002922715,-0.015843,0.014373173,0.029720484,0.021640357,0.036636668,0.014722687
Lepomis_megalotis,Fanning,0.13257551,0.076896597,0.023122978,0.104608757,0.065314588,0.147658874,0.099656062,0.08874461,0.101870907,0.069873903,-0.022762374,-0.011480714,-0.049401421,0.024174447,0.003367813,-0.014268384,0.019724643,-0.007573879,-0.043659096,0.026364481
Lepomis_gibbosus,Fanning,0.180354532,0.14229209,0.129216725,0.17422044,0.220784506,0.161512944,0.181146751,0.196747735,0.166434552,0.150949282,0.028941268,0.017094021,0.019204915,0.056818872,-0.019237193,0.031543284,-0.012704317,0.03473729,0.000206378,0.046944729
Micropterus_dolomieu,Fanning,0.136563409,0.202362868,0.202672371,0.241953941,0.106072946,0.227927036,0.133565098,0.191431332,0.153327377,0.174196675,0.017077028,-0.022156476,0.011328102,-0.001046076,-0.009106537,0.023521211,-0.016136927,0.023278756,-3.64E-06,0.00946647
Micropterus_salmoides,Fanning,0.149964462,0.066391934,0.155611519,0.073753968,0.073420416,0.110789391,0.110206815,0.03346525,0.062384684,0.050742066,-0.068937555,-0.03231442,-0.020798114,-0.020986285,-0.015669996,-0.024631098,-0.000680219,-0.044765154,0.004120194,0.013568984
Echiichthys_vipera,NonFanning,-0.052084056,0.007057326,-0.045254252,0.02383239,0.033416101,-0.05902508,-0.003908191,-0.027391664,-0.00128424,0.001498982,-0.025054148,-0.086356326,-0.055603595,-0.043884503,-0.078184307,-0.047650852,-0.054102853,-0.057201157,-0.024003394,-0.058247547
Etheostoma_nigrum,Fanning,-0.053175632,-0.045841903,-0.020401871,0.035558344,-0.047929695,-0.013246078,-0.007964287,-0.03883766,-0.091191594,-0.07529241,0.047575849,0.029474271,0.027798793,0.011670533,0.028583214,0.006942831,-0.007130191,0.00084729,0.00703831,-0.012427151
Etheostoma_radiosum,Fanning,0.086099096,0.115218729,0.10554405,0.088489292,0.054751053,0.076576823,0.065522315,0.081669273,0.068484224,0.097204648,-0.083718592,-0.082921911,-0.041771865,-0.068971233,-0.082374288,-0.081870463,-0.079697722,-0.070141925,-0.085891923,-0.076404621
Etheostoma_crossopterum,Fanning,0.206769352,0.256231839,0.288278299,0.263069423,0.269032702,0.237836967,0.353101816,0.264552742,0.289600694,0.327737115,-0.004279956,0.007562699,-0.012417256,0.024167486,0.04229574,-0.016428256,-0.000906752,0.000756421,0.014181162,-0.04328275
Etheostoma_flabellare,Fanning,0.072426915,0.048531251,0.013431833,0.019301618,0.05678489,-0.013165651,0.009002688,-0.042149193,-0.01901866,0.00705828,0.070229072,0.014708541,0.034068818,0.021992874,0.056610447,0.039177716,0.038963294,0.00588772,0.056893717,0.042805073
Notothenia_coriiceps,NonFanning,0.429395863,0.393232806,0.43652528,0.41538331,0.411610186,0.383833013,0.384621547,0.437792802,0.419326304,0.40471772,-0.029922183,-0.039140513,-0.041610921,-0.042969887,-0.032027225,-0.051705674,-0.020885368,-0.040654472,-0.011706607,-0.03161644
Harpagifer_bispinis,Fanning,0.436311474,0.444845709,0.540599043,0.414023795,0.482700446,0.531012339,0.505475802,0.446830046,0.47541033,0.480882769,-0.031291492,-0.065759927,-0.033324316,-0.09358067,-0.04631627,-0.03333174,-0.061692492,-0.043046796,-0.051890788,-0.026290565
Paralabrax_clathratus,NonFanning,0.149821518,0.094553371,0.190530127,0.180910917,0.116789948,0.109685199,0.123298643,0.179830619,0.188926385,0.176923644,0.084593959,0.043568809,0.028718134,0.071437914,0.061512257,0.065869981,0.041736871,0.082079517,0.056944555,0.054837204
Platycephalus_indicus,NonFanning,0.043573545,0.093229589,0.021148266,0.028874107,0.057251967,0.036044016,0.078234865,0.054950629,0.07891853,0.056232065,-0.075110225,-0.067759286,-0.064881583,-0.026404748,-0.034969258,-0.054679064,-0.06548768,-0.060602324,-0.072312658,-0.041805647
Scorpaena_scrofa,NonFanning,0.128507221,0.135704877,0.143434411,0.152391375,0.108212874,0.113830914,0.169917612,0.187530692,0.178439528,0.134362509,0.03327707,0.082536343,0.078179389,0.036654958,0.048563609,0.061228273,0.071128991,0.034047882,0.06742865,0.077069842
Chelidonichthys_lucerna,NonFanning,-0.236481795,-0.243102539,-0.26138397,-0.183390809,-0.244438265,-0.222119366,-0.235190567,-0.232047381,-0.2666414,-0.24234857,-0.047440715,-0.010285452,-0.032503662,0.004422173,-0.019218098,-0.040295894,-0.023559683,-0.03477334,-0.020214115,-0.031373766
Trigloporus_lastoviza,NonFanning,-0.198327471,-0.177891112,-0.227467143,-0.22439613,-0.186524566,-0.216733798,-0.192413141,-0.231343162,-0.231161334,-0.196568694,0.027201701,0.001930048,-0.012083074,-0.016042398,0.036599567,-0.004658828,-0.000231872,-0.004951835,-0.013535045,0.004651462
Lepidotrigla_microptera,NonFanning,-0.217668521,-0.233892991,-0.234486813,-0.197011404,-0.189349866,-0.177394477,-0.185978646,-0.166572174,-0.206734378,-0.216221119,-0.002832717,0.005094235,-0.002207481,0.018692522,-0.022347039,0.025010036,0.010845118,0.022122233,-0.000129762,0.017148006
Lepidotrigla_papilio,NonFanning,-0.06063176,-0.03936511,-0.008718219,-0.10790295,-0.120461857,-0.100491076,-0.085235584,-0.073097013,-0.079859957,-0.098811176,-0.033354702,0.013524628,-0.055649171,-0.064694309,-0.010894373,-0.034136294,-0.014655015,-0.045740085,-0.036689909,0.02844426
Gasterosteus_wheatlandi,Fanning,0.31742622,0.339529207,0.296329456,0.295440418,0.233615498,0.291577127,0.228646816,0.331885408,0.263698788,0.248942192,0.025450645,0.025447048,0.054786628,-0.000571052,0.048756862,0.047928702,0.039180767,0.035987986,0.03960236,0.020906903
Gasterosteus_aculeatus,Fanning,0.20340926,0.122513376,0.163775939,0.190295688,0.188738755,0.198813278,0.184848496,0.209302953,0.209280356,0.187058158,-0.067283649,-0.048501429,-0.038393049,-0.054785106,-0.054960311,-0.027197586,-0.030051981,-0.031831735,-0.055241783,-0.039276646
Spinachia_spinachia,Fanning,0.228463394,0.274660238,0.230546065,0.28078758,0.236861529,0.300025538,0.274203566,0.303037088,0.276520044,0.265049155,0.047200841,0.057095761,0.078379813,0.072575385,0.081180548,0.060038665,0.104979939,0.072706557,0.052766831,0.049628337
Pungitius_pungitius,Fanning,-0.004837059,-0.003344649,-0.000779671,-0.063588455,-0.062231558,-0.000265831,-0.058081138,-0.080651257,-0.035530388,-0.025946319,0.029990673,0.038386729,0.039284637,0.007408145,0.031088067,0.002931946,0.017170357,0.003867034,0.036073408,0.045621352
Xiphister_atropurpureus,Fanning,-0.03462936,0.000216905,-0.053410463,0.016135319,-0.089747984,-0.038418417,-0.012593366,-0.021019562,-0.020200296,-0.022987509,0.017361536,-0.03266047,-0.015299725,-0.005251755,-0.051548376,0.030708995,-0.004675934,-0.022769374,-0.021567676,0.00589058
Xiphister_mucosus,Fanning,-0.007305128,-0.021868166,-0.049614122,-0.003662325,-0.049920781,-0.025122308,-0.057120424,-0.022237409,-0.023214429,-0.089479108,-0.053461222,-0.081847682,-0.052395885,-0.100434454,-0.038651137,-0.062315208,-0.068645203,-0.071299308,-0.040670145,-0.052932994
Ulvaria_subbifurcata,Fanning,0.04465715,0.036850082,0.106365102,0.087497917,0.049260482,0.075865041,0.01484595,0.061961671,0.004875474,0.000620747,-0.068595042,-0.039425726,-0.066889822,-0.051549867,-0.06536851,-0.080603499,-0.098570034,-0.082402069,-0.010788041,-0.081018503
Cottus_hangiongensis,Fanning,0.176042139,0.271007935,0.241123117,0.244948453,0.22094138,0.206465533,0.213949806,0.185240302,0.217564662,0.165966343,-0.094095101,-0.0642974,-0.102913374,-0.05522712,-0.070606883,-0.089429561,-0.064882108,-0.052699631,-0.088196535,-0.054443659
Cottus_gobio,Fanning,0.236385205,0.255246997,0.186537066,0.289853108,0.198328843,0.143614965,0.221246422,0.159090854,0.26360591,0.223533983,-0.056120665,-0.038441806,-0.026491698,-0.019245819,-0.0234179,-0.043941286,-0.04299835,-0.061595594,-0.004682597,-0.026528866
Cottus_bairdii,Fanning,0.196390513,0.199692672,0.18145819,0.205423251,0.15900937,0.123824589,0.160702964,0.14826871,0.170387972,0.167851266,-0.077292292,-0.122466918,-0.084192011,-0.126562121,-0.097520328,-0.132122107,-0.12943207,-0.121567642,-0.136233023,-0.140455917
Enophrys_bison,Fanning,0.03215848,0.047615425,0.103785959,0.0202572,0.062514315,0.020569429,0.077113159,0.152558342,0.112361828,0.087260553,-0.08729896,-0.058813761,-0.051077454,-0.038542082,-0.08885188,-0.050328455,-0.08587086,-0.064349753,-0.084828699,-0.078370682
Myoxocephalus_quadricornis,Fanning,0.230213217,0.170545505,0.216178535,0.215262073,0.176561943,0.120243197,0.152848675,0.128892437,0.171299932,0.181958481,0.022650331,0.044760247,-0.0126719,-0.009034223,-0.00065923,0.006652234,0.035136788,0.004476535,-0.000568738,-0.005023933
Myoxocephalus_scorpius,Fanning,-0.026148432,-0.076178717,-0.008680239,-0.064570178,-0.026792445,-0.042208838,-0.031663256,-0.022659514,-0.076205158,0.002306765,-0.041192771,-0.031110229,-0.012199481,-0.021484296,-0.034524649,0.000722764,-0.005736433,-0.05541124,-0.037534165,-0.027734857
Oligocottus_snyderi,NonFanning,0.16397432,0.113344733,0.181539109,0.126616575,0.132785451,0.089456585,0.195446163,0.149353083,0.162823415,0.168758146,-0.116418393,-0.163812366,-0.143461705,-0.126947311,-0.150718545,-0.105671367,-0.171089803,-0.167503277,-0.125627815,-0.15190301
Diplospinus_multistriatus,NonFanning,0.0457453,0.051656538,0.051356405,0.01938469,0.062697045,0.023022147,0.03816157,0.031816187,-0.026383195,0.057900298,-0.006482164,-0.081533275,-0.068356419,0.003817012,-0.039648664,-0.023576224,-0.034092143,-0.03365551,-0.06603781,-0.015910377
Gempylus_serpens,NonFanning,-0.291837083,-0.282066928,-0.333154936,-0.278633302,-0.263917479,-0.31435125,-0.303829554,-0.290800473,-0.348415656,-0.301033783,0.00438949,-0.040614723,-0.00811996,-0.024311536,-0.019580431,0.011922164,-0.028512742,-0.040182693,-0.008074223,-0.009493052
Aphanopus_carbo,NonFanning,-0.069316362,-0.050810538,-0.083192714,-0.114623372,-0.019531783,-0.15957434,-0.035197026,-0.043969314,-0.078513669,-0.081518003,-0.046309045,-0.070994039,-0.02180076,-0.05345014,-0.053709575,-0.036910734,-0.065829975,-0.080275833,-0.049660696,-0.017227826
Sarda_sarda,NonFanning,-0.00350713,-0.038185644,0.015589014,0.024952739,-0.034001658,-0.040560796,-0.024373856,0.042491092,-0.055018106,-0.012696578,0.033133987,0.093688338,0.080331523,0.039656834,0.075281168,0.107345025,0.063641494,0.050426369,0.061473152,0.072947032
Thunnus_albacares,NonFanning,-0.297281985,-0.316174063,-0.276472218,-0.287034019,-0.251424223,-0.282493509,-0.277985316,-0.318844834,-0.317292056,-0.282526308,-0.013584653,-0.010034538,-0.047637348,-0.020809536,-0.033371929,-0.007554474,-0.028688329,-0.024455093,-0.021110801,0.017474501
Euthynnus_affinis,NonFanning,-0.144217765,-0.198800176,-0.193664445,-0.170189185,-0.178175965,-0.149688246,-0.156022907,-0.159743226,-0.1256435,-0.182690227,0.09600251,0.058844429,0.090649485,0.103301786,0.082199163,0.041528659,0.069340501,0.061849104,0.065150255,0.096506805
Katsuwonus_pelamis,NonFanning,-0.2482926,-0.183967498,-0.203774889,-0.198873474,-0.206925487,-0.224450911,-0.271335033,-0.206358224,-0.183429513,-0.215912744,0.050948624,0.057759337,0.081915973,0.104113138,0.109691961,0.123288214,0.064043132,0.067683414,0.088473341,0.081739378
Scomber_scombrus,NonFanning,-0.137013099,-0.064438458,-0.035468576,-0.042820638,-0.030451154,-0.011117113,-0.047525131,-0.135977951,-0.069784123,-0.051324677,-0.017587955,0.006063852,0.031965817,0.009197494,-0.000940747,0.024698585,0.02658645,0.035373791,-0.011457688,0.001897691
Scomber_australasicus,NonFanning,-0.094343533,-0.098643031,-0.06133012,-0.080130577,-0.102911819,-0.070014939,-0.110168315,-0.146436672,-0.106728468,-0.156440985,0.075277717,0.117010714,0.132039718,0.094699232,0.106388998,0.129127248,0.115725877,0.09692798,0.11231424,0.123808162
Scomber_japonicus,NonFanning,-0.077212734,-0.090442327,-0.112547415,-0.105057852,-0.127029081,-0.037890297,-0.112772993,-0.123913531,-0.083493233,-0.090240912,0.085938982,0.047504016,0.074365574,-0.005970576,0.000233554,0.02964637,0.058389495,0.054105822,0.092035941,0.023609544
Nomeus_gronovii,NonFanning,-0.02416368,0.014498288,0.014243514,0.029188806,-0.003373514,0.05469038,0.091541089,0.044976268,0.06307162,0.024373905,0.021460468,0.052112629,0.023173486,0.059622075,0.061466529,0.05362503,0.078093136,0.039687949,0.034856381,0.047830199
Fistularia_commersonii,NonFanning,0.244044458,0.154321351,0.131627831,0.150713656,0.208716838,0.154451729,0.151977901,0.081987678,0.19732273,0.144782285,-0.100033145,-0.065567621,-0.080321309,-0.106087138,-0.09713414,-0.127936486,-0.102319516,-0.103708827,-0.133482209,-0.11383755
Synchiropus_altivelis,NonFanning,0.144736424,0.164661035,0.191147642,0.148853656,0.146505765,0.14410591,0.155194236,0.141974866,0.183711925,0.103821171,0.041661078,0.011756512,0.046666098,0.041268254,0.048612784,0.021661952,0.031269958,0.02505821,0.022834245,0.013646959
Callionymus_sagitta,NonFanning,0.060381497,0.137818401,0.181916657,0.10832234,0.079491706,0.171070394,0.154776994,0.090566891,0.138033751,0.084248975,0.004654403,-0.044353455,-0.011916669,-0.028725225,-0.01424124,-0.007096215,0.014564403,-0.033980732,-0.044093335,-0.012352567
Aulostomus_chinensis,NonFanning,0.349942228,0.420285916,0.376273103,0.424236082,0.356904415,0.454509436,0.41044286,0.456292417,0.469216859,0.460900135,0.01105819,0.00504978,0.030000343,0.006720502,0.030218256,0.041957755,-0.015788548,0.00305468,0.010175196,0.01399656
Macroramphosus_gracilis,NonFanning,-0.266119071,-0.280639005,-0.265290296,-0.245172017,-0.256229552,-0.264112623,-0.263939977,-0.275486405,-0.251954167,-0.289577997,-0.009895705,-0.000497243,-0.017500886,-0.004249167,-0.014700048,-0.006435553,-0.004761323,-0.036546232,0.033869291,-0.002748439
Odontobutis_obscura,Fanning,0.067626537,0.03957771,0.102563102,0.066129332,0.075264717,0.066454373,0.028233844,0.076078856,0.074736989,-0.001482222,-0.038336671,-0.065819445,-0.070292691,-0.051463302,-0.010255474,-0.036611666,-0.022289227,-0.031762934,-0.04922154,-0.060646329
Amblygobius_bynoensis,Fanning,0.136313003,0.168034643,0.201800146,0.187011045,0.133087574,0.202781632,0.161579169,0.175703101,0.182044684,0.19724023,-0.018230862,-0.018457057,-0.047748075,-0.021375412,-0.001130011,-0.035353954,0.004609838,-0.037305222,-0.047191776,-0.027895895
Rhinogobius_brunneus,Fanning,0.214527664,0.191705196,0.259524057,0.216233451,0.193101592,0.253792912,0.211560247,0.262784436,0.265163311,0.159142674,-0.026592855,-0.047165011,-0.035898236,-0.013684857,-0.056873693,-0.074417193,-0.099642457,-0.0498354,-0.059600266,-0.062681117
Clevelandia_ios,NonFanning,0.271435228,0.189372254,0.153886992,0.183629565,0.150667713,0.189904831,0.161031346,0.245151833,0.179787525,0.198275126,-0.069214711,-0.054124524,-0.097183322,-0.070694856,-0.06607734,-0.050662778,-0.069201836,-0.095738425,-0.045471584,-0.058061779
Glossogobius_callidus,Fanning,0.14017859,0.086733877,0.083233218,0.100605469,0.108506102,0.027032317,0.099411438,0.159979028,0.181837868,0.108291509,-0.141397337,-0.112466434,-0.139236122,-0.106028361,-0.126445686,-0.118136021,-0.159954657,-0.130168867,-0.127164393,-0.140248387
Eviota_prasina,Fanning,0.02956187,0.048132975,0.014907703,0.047432235,0.021114696,0.035408456,0.080580858,0.005571175,0.07601687,0.061657481,-0.015356029,-0.027155689,0.010521344,0.011121511,-0.019956892,-0.020033383,0.002913957,-0.023378389,-0.000782806,-0.010065404
Gobiusculus_flavescens,Fanning,0.136965256,0.053759493,0.043508257,0.090089707,0.14096587,0.096588947,0.05736444,0.1069866,0.147391086,0.13484115,-0.052414222,-0.042884239,-0.047690928,-0.097054635,-0.027074962,-0.067288779,-0.044706711,-0.062865903,-0.061273388,-0.040869602
Pomatoschistus_minutus,Fanning,0.268046063,0.299873442,0.298305633,0.237615221,0.310156195,0.297856418,0.274510158,0.26306869,0.279417873,0.265771955,-0.016538495,-0.039199699,-0.023306437,-0.036419746,-0.054546697,-0.013649897,-0.02481803,-0.038533908,-0.009314537,-0.003308338
Pomatoschistus_microps,Fanning,0.390701664,0.397552372,0.403224616,0.452660054,0.45878731,0.40735893,0.436372812,0.387159656,0.382361016,0.367375542,-0.042397022,-0.053792953,-0.044119858,-0.045636915,-0.015126093,-0.060301107,-0.062075647,-0.066164716,-0.004505862,-0.031073527
Knipowitschia_punctatissima,Fanning,0.381536338,0.410487426,0.400339842,0.411687963,0.392358808,0.366174612,0.425701573,0.336710232,0.388702246,0.362625441,-0.046782829,-0.092699232,-0.090831043,-0.065806205,-0.037143699,-0.071699556,-0.060384517,-0.037432817,-0.076533535,-0.06566398
Amblygobius_phalaena,Fanning,0.322051445,0.303608212,0.304389434,0.263580102,0.291202096,0.281699038,0.291138959,0.277480694,0.333610754,0.290661933,-0.129818855,-0.091419392,-0.088306628,-0.065494101,-0.094140305,-0.079098293,-0.132691871,-0.076429019,-0.085501543,-0.081369275
Valenciennea_muralis,Fanning,0.079624737,-0.005757391,0.05457608,0.108759017,0.036965727,0.047778419,0.141398686,0.049728441,0.063369764,0.104606685,-0.077967348,-0.051943295,-0.011850357,-0.059520651,-0.034533698,-0.03093791,-0.042715446,-0.092819256,-0.037864234,-0.076691471
Valenciennea_longipinnis,Fanning,0.008080398,0.018546558,-0.053424679,0.021743059,0.038292651,0.005999176,0.031108437,0.029600595,0.042533737,0.039265817,-0.051472842,-0.054658864,-0.107726526,-0.042788777,-0.026881475,-0.073814066,-0.074867034,-0.048122244,-0.082458112,-0.012983743
Neogobius_melanostomus,Fanning,0.138601099,0.180510721,0.174586889,0.149867634,0.207799244,0.129632957,0.079634951,0.125787626,0.117005678,0.125669499,-0.000351113,-0.057171984,-0.046762405,0.050281651,0.019017188,-0.010217569,0.014221713,-0.024666503,0.006140836,-0.013075125
Padogobius_bonelli,Fanning,0.27072314,0.242453601,0.273666586,0.251321474,0.226223643,0.217058484,0.267214334,0.242591852,0.196564952,0.25049081,-0.114547832,-0.128707946,-0.088489559,-0.112732561,-0.116877702,-0.071128297,-0.093632589,-0.099283138,-0.077201031,-0.089095018
Zosterisessor_ophiocephalus,Fanning,0.360427829,0.36707965,0.337231945,0.43361757,0.352806675,0.394380291,0.415666133,0.353751262,0.323043747,0.387080055,-0.039951416,-0.003547693,-0.015199905,-0.020962661,-0.015383433,-0.053793125,-0.009800208,-0.000871563,-0.032261677,-0.020969359
Neogobius_fluviatilis,Fanning,0.19680476,0.203275495,0.192244046,0.135594296,0.220658362,0.183263232,0.157383927,0.115586706,0.199939038,0.188282368,-0.043921906,-0.057437118,-0.100911994,-0.071358564,-0.075302431,-0.062760001,-0.080866876,-0.085053438,-0.089241332,-0.096640492
Badis_badis,Fanning,0.052713221,0.052710624,0.095444873,0.131133677,0.105984548,0.074074912,0.093770427,0.111522391,0.118480133,0.088529368,0.180305231,0.119826977,0.198415858,0.183701089,0.186397576,0.160829913,0.168088818,0.175675236,0.167726485,0.155976841
Istiophorus_platypterus,NonFanning,-0.335779775,-0.336747282,-0.307357888,-0.196462009,-0.290249993,-0.283646962,-0.334775848,-0.335910228,-0.383176017,-0.30602872,-0.018936203,-0.014405696,-0.017283968,-0.003749582,-0.030993772,-0.070579382,-0.064175012,-0.035789281,-0.038035961,-0.027769114
Coryphaena_hippurus,NonFanning,-0.207060387,-0.194095926,-0.189557871,-0.11841236,-0.204452178,-0.135494071,-0.17013272,-0.141486843,-0.147473302,-0.253769975,-0.03511468,-0.034009943,-0.061310385,-0.081097393,-0.0696657,-0.047491927,-0.053806749,-0.014306816,-0.106009947,-0.06054921
Oligoplites_saurus,NonFanning,-0.051230298,-0.030792502,-0.050698226,-0.005608341,-0.029755145,-0.073795133,-0.101828869,-0.05902323,-0.046022652,-0.071009987,-0.025969929,0.03578544,0.001335467,0.013857024,-0.002363599,0.055500384,-0.002854206,-0.015353534,0.006749233,0.039327822
Elagatis_bipinnulata,NonFanning,-0.173004134,-0.148382908,-0.227943738,-0.143341373,-0.210363266,-0.176947749,-0.204217275,-0.143081873,-0.189555022,-0.20945732,0.108254787,0.103870557,0.064635696,0.073957081,0.05072848,0.044550894,0.084319496,0.104682627,0.060545741,0.110290051
Naucrates_ductor,NonFanning,-0.17478605,-0.207294411,-0.324174776,-0.175872002,-0.224769157,-0.183240337,-0.216514635,-0.221738599,-0.155781929,-0.197192168,-0.044047249,-0.006752071,0.015473868,-0.018278608,-0.03691657,-0.039296542,-0.023284559,-0.029350356,-0.04442046,-0.01221182
Seriola_zonata,NonFanning,-0.146087745,-0.114935629,-0.124479724,-0.116078957,-0.093972786,-0.128977559,-0.102151267,-0.040983636,-0.149439552,-0.153665998,-0.06545508,-0.035828613,-0.007204953,-0.013846192,-0.068908241,-0.039924289,-0.040894716,-0.005146545,-0.073313628,-0.072595565
Pseudocaranx_dentex,NonFanning,-0.325158545,-0.303397004,-0.302707418,-0.354589619,-0.321665817,-0.335567144,-0.396863768,-0.334892519,-0.327414716,-0.345554701,-0.044657655,-0.072708374,-0.075205896,-0.088715967,-0.11593458,-0.094363459,-0.074934822,-0.071305357,-0.083757255,-0.078480481
Decapterus_punctatus,NonFanning,-0.166951817,-0.180739533,-0.222826055,-0.161916611,-0.184044322,-0.192624425,-0.21610401,-0.192429774,-0.21388072,-0.195168936,0.003991025,0.023775906,0.023777111,0.011330415,-0.018241473,0.006086725,0.003300132,0.002526773,0.002250883,-0.009215171
Trachurus_novaezelandiae,NonFanning,-0.312088936,-0.320022743,-0.395422667,-0.329738364,-0.285183822,-0.376049904,-0.301508294,-0.396143176,-0.318198891,-0.30873093,-0.046208989,-0.044721474,-0.086025859,-0.055607774,-0.064367222,-0.070601448,-0.061424945,-0.032363869,-0.079755026,-0.033120299
Trachurus_declivis,NonFanning,-0.293169461,-0.244809504,-0.284996457,-0.341673102,-0.276345624,-0.318107296,-0.289480872,-0.332561124,-0.255558649,-0.266079797,-0.054234573,-0.034304016,-0.042604026,-0.031986347,-0.02165379,-0.061047113,-0.037310914,-0.029998749,-0.01458375,-0.00697896
Trachurus_lathami,NonFanning,-0.254153216,-0.223567612,-0.218739993,-0.217985932,-0.183510555,-0.243067129,-0.194053563,-0.173938545,-0.189786234,-0.282342827,-0.025972916,-0.013983584,0.002884156,-0.027171719,-0.059248417,-0.021094128,-0.023985523,-0.031633538,-0.038652297,-0.058033998
Trachurus_picturatus,NonFanning,-0.319171291,-0.274257776,-0.303782147,-0.337287705,-0.347524224,-0.36239541,-0.361200063,-0.316903429,-0.312065729,-0.340265148,-0.003984394,0.016474398,-0.00434216,-0.026665215,-0.021430146,-0.02216771,-0.047188834,-0.018889112,0.022564628,-0.009440493
Alectis_ciliaris,NonFanning,-0.2678737,-0.335915849,-0.33206365,-0.369308494,-0.363658061,-0.32098721,-0.296929367,-0.309644652,-0.315370252,-0.360093456,-0.05249874,-0.07726297,-0.085187816,-0.075194092,-0.046689507,-0.080111822,-0.061515879,-0.12886269,-0.108235432,-0.078490862
Selene_peruviana,NonFanning,-0.354305815,-0.286069356,-0.314389318,-0.332133735,-0.372332869,-0.277052232,-0.254235954,-0.292465034,-0.303167089,-0.352121318,-0.082206564,-0.122333183,-0.085982365,-0.076401589,-0.073803178,-0.103734506,-0.117091568,-0.143121234,-0.098533372,-0.124989843
Hemicaranx_amblyrhynchus,NonFanning,-0.359495907,-0.313728154,-0.27007495,-0.29660175,-0.321734372,-0.346373337,-0.28793007,-0.285152774,-0.307071769,-0.299441124,-0.048444993,-0.093944376,-0.090187359,-0.049584433,-0.034496775,-0.023736816,-0.033533022,-0.054467583,-0.038178641,-0.072409415
Chloroscombrus_orqueta,NonFanning,-0.35943882,-0.393227235,-0.392657823,-0.335469234,-0.38855195,-0.339661393,-0.395518092,-0.301436363,-0.374404302,-0.365095867,-0.108873423,-0.082156141,-0.069308019,-0.123801903,-0.101838604,-0.085012358,-0.088364285,-0.110538808,-0.073547445,-0.068486382
Carangoides_bartholomaei,NonFanning,-0.227238142,-0.293901457,-0.261175903,-0.30417098,-0.256089726,-0.250376501,-0.242956495,-0.273955225,-0.188045925,-0.254269228,-0.126478373,-0.09098658,-0.126469835,-0.108275339,-0.104595927,-0.098110982,-0.145619131,-0.130423098,-0.150442484,-0.13981421
Caranx_caballus,NonFanning,-0.373114782,-0.364092974,-0.396944072,-0.400916495,-0.341064035,-0.375688272,-0.377181155,-0.317975595,-0.406367002,-0.378391605,-0.071762809,-0.087241728,-0.106557882,-0.110176841,-0.069636073,-0.085855367,-0.088854627,-0.058852433,-0.099458017,-0.030124516
Sphyraena_barracuda,NonFanning,-0.116285787,-0.09812133,-0.077438,-0.116608585,-0.087821005,-0.085376964,-0.132370316,-0.130898992,-0.10115593,-0.083273899,0.01699066,0.018369288,-0.004307396,0.001341829,0.016478595,0.024227075,-0.014818819,0.014180898,0.036415249,0.018175505
Psettodes_erumei,NonFanning,0.050954654,-0.000854092,0.023516627,0.016708417,-0.001131041,0.046065734,0.061855526,0.034182098,0.041920984,0.003760992,0.111218044,0.059636928,0.082945516,0.047920083,0.052034794,0.091796035,0.098042764,0.047712101,0.030286876,0.066753261
Citharus_linguatula,NonFanning,0.100467724,0.068825394,0.090427423,0.061340112,0.108922755,0.1326758,0.081847805,0.187007519,0.06733524,0.092821746,-0.053359799,-0.039850343,-0.053906861,-0.063786118,-0.088171323,-0.028041686,-0.011089855,-0.03744543,-0.070365681,-0.020718666
Scophthalmus_rhombus,NonFanning,0.049782044,0.10432197,0.052476775,0.09075234,0.104036958,0.058990707,0.031119046,0.141509389,0.069873983,0.099795618,0.073301401,0.044748921,0.063976972,0.018948925,0.018978424,0.052464449,0.013184832,0.048076558,0.000410474,0.036355359
Zeugopterus_regius,NonFanning,0.04475916,0.057383174,0.080531418,0.049482511,0.110725983,0.110636599,0.043588478,0.1946182,0.012414591,0.108200918,0.012813869,0.073469051,0.044418302,0.067979122,0.055950804,0.056275557,0.057673524,0.040837237,0.093479217,0.018270882
Xystreurys_liolepis,NonFanning,-0.239140174,-0.244540534,-0.258513777,-0.214190849,-0.221917205,-0.169091042,-0.219035721,-0.200922897,-0.181120997,-0.168814706,-0.016053526,0.023303961,-0.000392897,0.033388994,-0.003541916,-0.006627,0.009715745,0.038965659,0.003124615,0.038451696
Citharichthys_fragilis,NonFanning,-0.19808028,-0.199803065,-0.207497543,-0.200628557,-0.151979848,-0.197331574,-0.224210804,-0.140646465,-0.195826531,-0.181486968,0.062820995,0.039765278,0.059508522,0.039991899,0.043875305,0.066108658,0.014038593,0.073563038,0.062961342,0.077034546
Paralichthys_dentatus,NonFanning,-0.056989017,-0.095089859,-0.070096302,-0.074631049,-0.02622153,-0.050619164,-0.007501215,-0.092935622,-0.086327298,-0.086256839,-0.000396991,-0.013197244,-0.023495289,-0.04825848,0.049371607,0.019290021,-0.028552921,0.015441572,0.019418263,0.022128646
Paralichthys_olivaceus,NonFanning,0.166720832,0.138278813,0.176931116,0.147541019,0.130468969,0.156559513,0.224565254,0.170388087,0.169128582,0.157596182,0.015958368,0.050456866,0.072679078,0.025744078,0.047511132,0.017412047,0.051758418,0.041553879,0.029661406,0.048171959
Citharichthys_arctifrons,NonFanning,-0.34400626,-0.268142809,-0.275430934,-0.277400943,-0.313323985,-0.31603258,-0.259776659,-0.346184745,-0.302350965,-0.27284498,-0.013808096,-0.002285079,0.004329878,-0.014097688,-0.020669868,0.029785483,0.003068193,-0.02068244,-0.043708618,0.007773189
Etropus_microstomus,NonFanning,-0.101423478,-0.129520517,-0.198841239,-0.232353161,-0.116866563,-0.088062465,-0.113851965,-0.129504258,-0.190648811,-0.127181283,0.032611513,0.021242261,0.091123051,0.064761968,0.047193312,0.024458979,0.023530746,0.071135429,0.048970737,0.052628396
Acanthopsetta_nadeshnyi,NonFanning,-0.318669625,-0.336542071,-0.32832634,-0.334169469,-0.281313291,-0.353713796,-0.326815349,-0.339391917,-0.307395305,-0.351574338,-0.031945616,0.006796196,0.010081098,-0.001597979,0.032987234,-0.008864717,-0.023583551,-0.001216868,-0.021641758,0.033243197
Pleuronichthys_coenosus,NonFanning,-0.162389417,-0.158693096,-0.187274249,-0.156289328,-0.195100118,-0.243500169,-0.189490551,-0.245965942,-0.164038061,-0.192742554,0.054107245,-0.012382133,0.003016396,-0.015581627,0.017769075,0.015393775,0.025493835,0.01773786,0.00123687,0.012752317
Lyopsetta_exilis,NonFanning,-0.270983025,-0.237704512,-0.253953076,-0.267829181,-0.27133118,-0.267783368,-0.30326418,-0.228342807,-0.235614045,-0.239279206,-0.030054784,-0.078886895,-0.005929334,-0.037280495,-0.056481244,-0.056746643,-0.027194912,-0.091746064,0.018965877,-0.036348057
Eopsetta_grigorjewi,NonFanning,-0.115747078,-0.143909856,-0.130811683,-0.128125882,-0.046556741,-0.047278313,-0.139258349,-0.170446379,-0.134256493,-0.12754832,0.016135963,0.030027385,0.017449271,-0.000738125,-0.015387697,0.028505902,-0.003119815,0.077119221,-0.0063062,0.006382713
Hippoglossus_hippoglossus,NonFanning,0.050307332,0.007232779,0.048397301,-0.003794765,0.055196355,0.085503543,0.040181664,0.047497297,0.050001865,0.065325756,0.031094607,0.024948023,0.035037284,0.013001737,-0.001753484,-0.015955056,0.016179997,0.016725773,0.022149262,0.027595934
Glyptocephalus_zachirus,NonFanning,-0.425226796,-0.408881525,-0.343340509,-0.381576234,-0.396919067,-0.325861801,-0.393835466,-0.420649872,-0.370598858,-0.361584686,-0.090438496,-0.079708319,-0.126824989,-0.12434909,-0.063313799,-0.076215245,-0.102345208,-0.073853636,-0.068770465,-0.096221166
Glyptocephalus_cynoglossus,NonFanning,-0.1067365,-0.158714962,-0.133520663,-0.110577778,-0.066454563,-0.12910527,-0.114899446,-0.147918676,-0.091695732,-0.074299663,0.005693797,0.001699473,0.012653131,0.032984519,0.021438559,0.009710067,0.016112935,0.041864726,0.013121198,0.024753435
Microstomus_kitt,NonFanning,-0.160760193,-0.211069998,-0.186016613,-0.171768978,-0.21062485,-0.192644272,-0.133216831,-0.196139324,-0.152398857,-0.203223615,-0.117018273,-0.095581074,-0.081369434,-0.069465903,-0.12219847,-0.089835235,-0.086176748,-0.090181164,-0.112797249,-0.065929598
Hippoglossoides_platessoides,NonFanning,0.274288987,0.245815953,0.286286316,0.276401843,0.293484338,0.295785816,0.291666082,0.271302226,0.261376443,0.30633837,-0.010059834,-0.025480999,0.004928388,-0.02424862,-0.036330341,-0.035052682,-0.004717848,-0.022183452,-0.013679691,-0.028183288
Hippoglossoides_elassodon,NonFanning,-0.186803101,-0.132115569,-0.219396039,-0.133685031,-0.209209631,-0.152208514,-0.181152934,-0.144941687,-0.158331354,-0.154894101,-0.045733188,-0.073993828,-0.004278529,-0.052565003,0.0133358,-0.025364935,-0.044800587,-0.018317687,-0.038312599,-0.030429046
Pseudopleuronectes_americanus,NonFanning,0.232191933,0.119869249,0.308520658,0.172800445,0.210147014,0.146199088,0.176573854,0.204033939,0.165491147,0.219793746,0.048860199,0.085763998,0.065118324,0.083251104,0.087127915,0.089506689,0.076412825,0.064907285,0.087617275,0.11177189
Parophrys_vetulus,NonFanning,-0.094265079,-0.111718278,-0.127251656,-0.137286914,-0.120997008,-0.133438672,-0.160592128,-0.092650705,-0.080284248,-0.133873845,-0.008310054,0.007149393,-0.009774643,0.036389655,0.018063107,0.007788533,0.007455834,0.019222216,0.005377999,0.036441227
Lepidopsetta_mochigarei,NonFanning,0.006802827,-0.016266765,-0.002399223,-0.047930684,-0.035877341,-0.013065618,-0.042441596,-0.019288522,-0.025497475,-0.027237594,0.122743145,0.125839618,0.129365063,0.18723948,0.134485059,0.127229891,0.139321421,0.130041015,0.131645369,0.137090754
Limanda_proboscidea,NonFanning,0.279325706,0.280175104,0.318218825,0.166384915,0.295490165,0.279739637,0.258320706,0.300513995,0.276336158,0.24608941,-0.017992163,-0.020995959,-0.017852489,-0.024078789,0.006715427,-0.014891795,-0.01972974,-0.022075724,-0.041399581,-0.016239177
Platichthys_flesus,NonFanning,0.056720504,0.166527052,0.045292126,0.165571356,0.052992981,0.015810847,0.120290368,0.025782156,0.096744136,0.120248017,0.065169855,0.076413433,0.057332607,0.063225944,0.066402008,0.044577969,0.064553362,0.104747583,0.087385428,0.054818269
Pleuronectes_platessa,NonFanning,0.170641178,0.125437507,0.12469979,0.155610213,0.111829887,0.131832546,0.150438819,0.101687237,0.073600427,0.148281421,0.039079266,0.019332173,0.034215771,0.010178008,0.020400305,-0.005992331,0.054217643,0.050888186,0.012542538,0.041243819
Achirus_mazatlanus,NonFanning,0.027812071,-0.000255135,0.041867252,0.032972633,0.07680861,0.067734913,0.037307233,0.052155279,0.104795946,3.75E-05,-0.115582534,-0.152593596,-0.142977292,-0.154207253,-0.109191399,-0.124474583,-0.147010974,-0.137817044,-0.120867375,-0.153977014
Zebrias_zebra,NonFanning,-0.273110839,-0.267119274,-0.159394384,-0.283935198,-0.295378599,-0.225945669,-0.252732246,-0.273883398,-0.245408667,-0.187200367,-0.096857802,-0.098941196,-0.113474858,-0.090469554,-0.094904249,-0.100818529,-0.123024435,-0.111815302,-0.109640859,-0.099240213
Austroglossus_microlepis,NonFanning,-0.331606928,-0.324968057,-0.324251729,-0.332733686,-0.290224654,-0.276518496,-0.311828832,-0.255033177,-0.31149245,-0.290475479,-0.036289899,-0.071231003,-0.063944793,-0.037202204,-0.009108751,-0.056324805,-0.03537896,-0.049452215,-0.064268306,0.002965275
Dicologlossa_cuneata,NonFanning,-0.175305637,-0.229664376,-0.167448167,-0.226604903,-0.155457885,-0.17606617,-0.207591699,-0.111311975,-0.219921411,-0.150731271,0.031663269,0.040122234,0.01287201,0.020864469,0.043065664,0.040976163,0.014163396,0.018707842,0.030146198,0.031177326
Pegusa_nasuta,NonFanning,-0.186813585,-0.168084196,-0.215853261,-0.210000825,-0.198031791,-0.184465247,-0.212123627,-0.210934172,-0.226821558,-0.17104812,0.034312607,0.022000195,0.046344422,0.028008011,0.002389121,-0.029866725,0.008459256,0.039583919,-0.003496663,0.076180325
Pegusa_lascaris,NonFanning,0.039401282,0.048436613,-0.049779591,-0.008058257,0.078946507,0.066379438,0.031590157,-0.060394511,-0.003756394,0.044909197,-0.01078405,-0.006677082,0.068325837,0.022745919,0.059953233,0.031287197,0.024204597,0.004226556,0.051796746,0.027054943
Pegusa_impar,NonFanning,-0.012686641,0.05459914,0.00025116,0.01296095,-0.007348208,0.029022046,-0.01365951,-0.059678332,0.074944158,-0.059101647,-0.011298932,0.001686624,0.021439182,0.026354495,0.03584624,0.030317416,0.032746726,0.041509593,0.063326478,0.020992899
Rhombosolea_plebeia,NonFanning,0.073402338,0.078703613,0.022070493,0.137478988,0.114023479,0.050283768,0.125171961,0.11319823,0.038537576,0.057860594,0.066215103,0.068794235,0.039193372,0.079363528,0.06695532,0.061716159,0.037869035,0.016584048,0.03230245,0.071557381
Syacium_papillosum,NonFanning,0.117814087,0.166733216,0.129671373,0.182443195,0.164680926,0.153616259,0.089510306,0.118308364,0.141359079,0.13372769,0.048217045,0.052180893,0.035777097,0.070490811,0.066022338,0.069262197,0.086648931,0.076557072,0.044207188,0.045354973
Syacium_ovale,NonFanning,-0.111254048,-0.076980723,-0.043409536,-0.115408163,-0.048041588,-0.115918041,-0.073920143,-0.087645742,-0.163738156,-0.030717731,0.09232642,0.099231607,0.113856262,0.074968196,0.059721921,0.063774788,0.082928264,0.074739621,0.08672051,0.057839807
Syacium_micrurum,NonFanning,-0.174930948,-0.206648988,-0.146074087,-0.238106449,-0.156393487,-0.179143991,-0.225684082,-0.129553659,-0.181206387,-0.212598909,0.029342998,0.035402919,0.004356847,0.010060032,0.039031701,0.019881509,0.004814308,0.04678773,0.050423547,0.037735051
Cyclopsetta_panamensis,NonFanning,-0.100070472,-0.072749282,-0.133332156,-0.15761133,-0.064393565,-0.068841404,-0.090576651,-0.062096283,-0.101097278,-0.069102315,-0.02014578,0.006248836,-0.021027552,-0.000869578,0.033932737,0.012033975,0.032635559,0.042823072,0.035202626,0.060123591
Engyophrys_sanctilaurentii,NonFanning,-0.094697412,-0.126092709,-0.125767128,-0.088302292,-0.080300457,-0.127210549,-0.119887658,-0.109011499,-0.064132725,-0.116919191,0.03567663,0.037312842,0.040288105,0.05665074,0.055597701,0.075038251,0.043730756,0.054234182,0.046000778,0.078713036
Arnoglossus_capensis,NonFanning,-0.172152081,-0.137043111,-0.153586043,-0.126551738,-0.111173269,-0.096144763,-0.095679996,-0.11916937,-0.122768105,-0.127159438,0.084671405,0.037159285,0.065904551,0.115456627,0.067172743,0.061173197,0.05092948,0.084500381,0.055337133,0.065354412
Monolene_asaedae,NonFanning,-0.15016371,-0.19225289,-0.125598824,-0.188397828,-0.164500211,-0.137585637,-0.205564725,-0.179158114,-0.151519379,-0.206345101,0.032683338,0.031581235,0.05164334,0.053804207,0.079853974,0.025567375,0.098667842,0.051399251,0.065935371,0.075794473
Hypsypops_rubicundus,Fanning,0.216888789,0.145968029,0.182379489,0.199002246,0.185881339,0.172131852,0.14567072,0.174088822,0.179829616,0.161620036,0.012302101,0.022107791,0.027230686,0.049013486,0.047088352,0.009387631,-0.000737121,0.028758713,0.063032041,0.053198633
Dascyllus_aruanus,Fanning,0.017335073,-0.018550069,0.029868927,0.065224072,-0.025904172,-0.005082262,0.005841968,0.015043469,0.004788029,0.026809744,-0.043889631,-0.072220561,-0.043521182,-0.061059532,-0.030627837,-0.052125464,-0.034229694,-0.054116161,-0.029720083,-0.068033497
Dascyllus_marginatus,Fanning,0.317413555,0.225199088,0.255751831,0.239463905,0.236141561,0.244453523,0.169371252,0.195815658,0.299812684,0.237314686,0.050184332,-0.017296523,0.026497481,0.039217508,-0.01437148,0.020570143,0.052312214,0.022009042,0.0107489,-0.011306926
Chromis_dispilus,Fanning,0.081416746,0.052146344,0.105760234,0.064341825,0.028673169,0.062303518,0.032076496,0.060494261,0.082727797,0.095600356,-0.024361527,0.003282559,-0.00900801,0.024032183,-0.016556167,0.022622253,0.018395198,-0.012192049,0.014847939,-0.009335472
Chromis_chromis,Fanning,0.122325633,0.153295001,0.169143568,0.138557226,0.155411118,0.162297313,0.108892421,0.17319091,0.175626504,0.14734868,0.03917666,0.045649985,0.052461368,0.097987255,0.046756027,0.041156212,0.059010812,0.079816881,0.039735524,0.052048332
Premnas_biaculeatus,Fanning,0.318174034,0.375749422,0.372681756,0.309811478,0.354076869,0.414971226,0.400477404,0.370831482,0.429530505,0.333803651,-0.030366635,0.001057433,-0.047320307,-0.036339075,-0.028505674,0.015342764,-0.021637005,-0.041413466,-0.047393095,-0.016540997
Amphiprion_ocellaris,Fanning,0.393913841,0.42580119,0.442634608,0.449394223,0.403892066,0.458851622,0.445815136,0.464646305,0.373841663,0.44569823,0.051384249,0.038051636,0.049330649,0.042519893,0.043448156,0.006639002,0.004641527,0.005233161,0.003427647,0.056028503
Amphiprion_percula,Fanning,0.45104824,0.403379032,0.435676309,0.424448575,0.440054781,0.43200571,0.420492148,0.467269962,0.405318068,0.443710928,-0.020459206,-0.017717919,-0.053889099,-0.011672395,-0.043360227,-0.04145902,-0.043654981,-0.027013927,-0.020688565,-0.025107477
Amphiprion_melanopus,Fanning,0.239694809,0.200374261,0.264371137,0.326329437,0.207427719,0.249261681,0.270973336,0.260713189,0.266414822,0.253877532,0.049163111,-0.0453709,0.001010407,0.004200078,0.027700096,0.044915741,0.037943085,0.020372021,-0.001956105,0.049186859
Amphiprion_clarkii,Fanning,0.249295472,0.283190134,0.254316954,0.270117585,0.290420899,0.26293367,0.291768122,0.253567134,0.278879566,0.251161273,-0.003692654,0.003805786,0.025644609,-0.009658597,0.048564465,0.032330795,0.051997762,0.030886537,0.00330283,0.03278542
Amphiprion_sebae,Fanning,0.19205955,0.298516769,0.28838264,0.324716982,0.272305197,0.352097663,0.250055348,0.322203348,0.302195147,0.303287242,-0.029354382,-0.068452482,-0.04064519,-0.059311096,-0.036052734,-0.033727135,-0.074178515,-0.009653697,-0.044974511,-0.092418736
Gobiesox_strumosus,Fanning,0.252294435,0.254061175,0.194897372,0.216163014,0.231394374,0.211522042,0.211924737,0.220841879,0.234519093,0.192222729,-0.041502288,0.006639987,0.014600907,-0.054861015,-0.03700289,0.004541114,-0.03269414,0.005806826,-0.011506199,-0.012052447
Forsterygion_capito,Fanning,0.141395287,0.117374088,0.170906437,0.170220267,0.133976693,0.17923916,0.063176825,0.083049366,0.078661496,0.169122496,-0.144752261,-0.181021584,-0.191750076,-0.156710338,-0.155699675,-0.160296646,-0.176120295,-0.150427281,-0.151224889,-0.143472757
Ruanoho_decemdigitatus,Fanning,0.365330865,0.373014778,0.393156756,0.390738621,0.419234362,0.362545332,0.351405462,0.351593639,0.407923807,0.412202576,-0.034515123,-0.082800465,-0.038294209,-0.061604943,-0.034571047,-0.058848314,-0.032497673,-0.059997009,-0.053018485,-0.031492267
Parablennius_sanguinolentus,Fanning,0.173458776,0.196271978,0.190762522,0.142010757,0.234178188,0.177399891,0.142023983,0.147685646,0.208956366,0.175410671,-0.007382728,-0.042114364,-0.006415305,-0.017740567,-0.005411158,0.014642776,0.026084597,-0.015369565,-0.007118171,-0.031271619
Polycentrus_schomburgkii,Fanning,0.149828814,0.126055762,0.151785021,0.169360932,0.158127218,0.151918819,0.115682606,0.155726456,0.149171975,0.233441701,0.097642355,0.110830516,0.065671589,0.107051833,0.068846193,0.057928796,0.067690752,0.077514645,0.072349346,0.072571286
Etroplus_maculatus,Fanning,-0.080633544,-0.152300999,-0.065272395,-0.116874444,-0.096197354,-0.023538912,-0.085979935,-0.091498088,-0.08619212,-0.087125636,0.056708914,0.04929276,0.009288381,0.062059277,0.033980465,0.044012185,0.076611955,0.069061082,0.063500752,0.026061762
Bujurquina_vittata,Fanning,0.110916288,0.200862969,0.159566178,0.118676887,0.144582818,0.167202333,0.142909766,0.143738898,0.100511816,0.115890237,0.001877049,0.005140856,0.020308942,-0.019173868,-0.004989326,-0.015114348,0.011890216,-0.029060705,-0.003487057,-0.006124345
Symphysodon_aequifasciatus,Fanning,0.075679534,0.068563463,0.038839188,0.03919188,0.079505417,0.053846969,0.005210263,0.117434442,0.044000416,0.03291356,0.065556079,-0.036590732,-0.013885536,0.021790235,0.019932858,-0.002573383,0.003866421,-0.010335822,0.014595972,0.036277522
Rocio_octofasciata,Fanning,0.267478087,0.242574538,0.217622044,0.194460911,0.232182305,0.187378273,0.2786144,0.237280118,0.235920788,0.230580701,0.024126992,0.009344281,0.023417489,0.015303539,0.022335479,0.030231641,0.01369658,0.019852348,0.053625103,-0.043046772
Archocentrus_multispinosus,Fanning,0.087318984,0.124886917,0.101085745,0.103586817,0.163235135,0.130443115,0.11382827,0.074120497,0.089450082,0.10030096,0.090147338,0.050559419,0.055522078,0.060367964,0.086404372,0.064857988,0.033680159,0.077401738,0.068353068,0.051094905
Paraneetroplus_maculicauda,Fanning,0.070403643,-0.009118794,0.021177071,-0.001452325,0.036133609,0.081764757,0.072097453,0.065936163,0.018047048,-0.006411164,-0.020547693,0.030418004,0.00215248,-0.019874239,0.008562458,0.009189505,6.78E-05,0.000584383,0.038093164,-0.013447867
Hemichromis_bimaculatus,Fanning,0.195905575,0.202877803,0.183713768,0.177166857,0.17597172,0.269561697,0.164110401,0.193260639,0.163196977,0.193088061,0.068967474,0.079456435,0.077366829,0.036651247,0.0925386,0.06060978,0.074734959,0.087157298,0.028130841,0.086465042
Tilapia_zillii,Fanning,-0.12472744,-0.128259952,-0.150357882,-0.09938328,-0.157738469,-0.09614887,-0.131900926,-0.114300947,-0.120937369,-0.150773579,0.059740144,0.040183337,0.078269042,0.047060338,0.053512765,0.027971372,0.035536312,0.07586387,0.033400477,0.08034364
Pelmatolapia_mariae,Fanning,-0.213567815,-0.138076684,-0.20078601,-0.194904492,-0.227297251,-0.173667452,-0.230861164,-0.167598166,-0.221507506,-0.168308542,-0.015213274,-0.026673632,-0.010458686,-0.005648844,0.016392955,0.026512048,0.003459896,-0.000512309,-0.002158673,-0.001777284
Tylosurus_acus_acus,NonFanning,-0.014739514,0.005629348,0.037011298,-0.011713598,-0.002875565,-0.063804318,0.041452539,-0.015763485,-0.021107928,-0.002820943,0.096134314,0.032277387,0.13302965,0.115842815,0.141700601,0.097701184,0.137787366,0.134437616,0.133283547,0.119498346
Strongylura_notata_notata,NonFanning,-0.079879255,0.040105719,0.010645333,0.001669933,-0.068163355,-0.029226568,0.017678024,0.061924615,-0.015312073,-0.040117204,0.11358038,0.058971341,0.05379955,0.091335515,0.085020744,0.083076088,0.048297206,0.094961854,0.040470553,0.108055059
Hemiramphus_balao,NonFanning,-0.02017367,-0.034997115,-0.027863105,-0.019304879,-0.027112459,0.000304098,-0.008640726,0.045224412,-0.033985884,-0.030675994,0.049860297,0.091582084,0.03187197,0.082391614,0.05552698,0.070936768,0.030033689,0.076050651,0.020277271,0.018877263
Hemiramphus_brasiliensis,NonFanning,-0.192720703,-0.160371361,-0.159621965,-0.182391063,-0.172101757,-0.105617528,-0.153215612,-0.179605497,-0.178348149,-0.197838997,-0.065904276,-0.072194004,-0.071785631,-0.087972854,-0.073795128,-0.077115618,-0.084295183,-0.073423129,-0.057155153,-0.110139084
Cypselurus_comatus,NonFanning,-0.293481211,-0.219519625,-0.265448174,-0.303333212,-0.260593735,-0.240924707,-0.253898934,-0.242260554,-0.322895125,-0.27463722,0.036398658,-0.0249247,0.012992778,0.026215209,0.02667446,-0.0126495,0.000319752,0.017020079,0.017257262,0.011868673
Adinia_xenica,NonFanning,0.096062266,0.112714714,0.181523825,0.113822054,0.152804228,0.145806235,0.143209939,0.125518109,0.107675839,0.148977611,-0.085876551,0.01095736,-0.001845754,-0.063140052,-0.005576062,-0.03504007,-0.087814941,-0.06668163,-0.040177489,-0.039663337
Jordanella_floridae,Fanning,0.206460184,0.232626175,0.194445991,0.206939603,0.229970143,0.175357605,0.208388972,0.228900187,0.205120516,0.221287282,0.001616543,-0.008809766,-0.012301314,-0.028559569,-0.008772218,0.010360044,0.02802926,0.009706017,-0.008637857,0.003377204
